artist,song,year,verso_texto,val_AR,val_MO,val_DI,val_PO,val_NA,val_GO,ia_AR,ia_MO,ia_DI,ia_PO,ia_NA
Los Tucanes De Tijuana,El Jefazo,1998.0,Mire señor comandante,0,0,0,1,0,0,0.0,0.0,0.0,0.0,0.0
Alemán,Del 98,2019.0,"El patrón, el rey, el jefe en esto del rap",0,0,0,0,0,0,0.0,0.0,0.0,0.0,0.0
Los Tucanes De Tijuana,Suerte Marcada,2008.0,El comandante y su gente,0,0,0,2,0,0,0.0,0.0,0.0,0.0,0.0
Los Tucanes De Tijuana,Gente Del Cartel,2014.0,Yo soy gente del cártel,0,0,0,3,0,0,0.0,0.0,0.0,0.0,0.0
Voz De Mando,Estrategias de Guerra,2013.0,Traía al mando mucha gente,0,0,0,3,0,0,0.0,0.0,0.0,0.0,0.0
Los Tigres Del Norte,Contrabando Y Robo,1988.0,Era el jefe de la banda,0,0,0,2,0,0,0.0,0.0,0.0,0.0,0.0
"""El Piporro""",Llego Borracho El Borracho,2002.0,"Del jefe del orden publico, y primo del que cerraba",0,0,0,2,0,0,0.0,0.0,0.0,0.0,0.0
Los Tucanes De Tijuana,El Catador,1998.0,Y en clave le dijo al jefe,0,0,0,2,0,0,0.0,0.0,0.0,0.0,0.0
Remmy Valenzuela,El Rescate,2014.0,uno aquí sigo firme a la orden del señor por un poco de,0,0,0,3,0,0,0.0,0.0,0.0,0.0,0.0
Remmy Valenzuela,24 Horas,2014.0,el jefe me dio la orden,0,0,0,2,0,0,0.0,0.0,0.0,0.0,0.0
"""El Piporro""",El Güero Aventado,2002.0,"De los hombres más entrones del barrio de los matones, es el güero",1,0,0,0,0,0,0.0,0.0,0.0,0.0,0.0
Vaquero's Musical,El Mujeron,1997.0,Ay en mi barrio murió un señor del corazón.,0,0,0,0,0,0,0.0,0.0,0.0,0.0,0.0
Calibre 50,Escuela Del Virus Antrax,2012.0,"Patrocino su carrera, sus gastos de escuela, el señor comandante",0,0,0,1,0,0,0.0,0.0,0.0,0.0,0.0
Grupo Laberinto,Clave 7,1996.0,Oiga señor comandante,0,0,0,1,0,0,0.0,0.0,0.0,0.0,0.0
Los Invasores De Nuevo Leon,Clave 7,2024.0,"Adiós, señor comandante",0,0,0,0,0,0,0.0,0.0,0.0,0.0,0.0
Los Tucanes De Tijuana,El Chapo Guzmán,1996.0,Menos jefe de una banda,0,0,0,2,0,0,0.0,0.0,0.0,0.0,0.0
Los Tucanes De Tijuana,El Gallo,1997.0,Gente de clave privadaaa...,0,0,0,2,0,0,0.0,0.0,0.0,0.0,0.0
Chino Pacas,GTO,2025.0,"Aquí traigo balas, también a mi banda, puro locote que el barrio levanta",1,0,0,1,0,0,0.0,0.0,0.0,0.0,0.0
Larry Hernández,El Taliban,2009.0,Mientras train orden y mando,0,0,0,2,0,0,0.0,0.0,0.0,0.0,0.0
Peso Pluma,Rubicon,2023.0,Nos mantenemos a la orden del Señor,0,0,0,2,0,0,0.0,0.0,0.0,0.0,0.0
El Komander,La Vuelta Cargada,2013.0,Tal vez sea la gente que cuida la plaza,1,0,0,2,0,0,0.0,0.0,0.0,0.0,0.0
Valentín Elizalde,Clave Privada,2013.0,"ahora me llaman patrón, tengo mi clave privada.",0,0,0,2,0,0,0.0,0.0,0.0,0.0,0.0
Los Huracanes Del Norte,Clave 7,1988.0,"Adiós señor comandante, aquí lo llevo en mi lista",0,0,0,2,0,0,0.0,0.0,0.0,0.0,0.0
Calibre 50,El Niño VZ,2012.0,La plaza tengo a mi mando,0,0,0,2,0,0,0.0,0.0,0.0,0.0,0.0
Natanael Cano,Traigo Ganas,2022.0,El jefe dice que la plaza no se cuida sola,1,0,0,2,0,0,0.0,0.0,0.0,0.0,0.0
"Peso Pluma, Luis R Conriquez",Siempre Pendientes,2022.0,Cuido la plaza del señor Guzmán,1,0,0,2,0,0,0.0,0.0,0.0,0.0,0.0
Carlos Y Jose,Jacinto El Tullido,1984.0,yo soy de los meros hombres entienda teniente,0,0,0,2,0,0,0.0,0.0,0.0,0.0,0.0
Los Tigres Del Norte,Leopoldo Rios,2007.0,"La gente se amontonaba, viendo al teniente en el piso",2,0,0,1,0,0,0.0,0.0,0.0,0.0,0.0
Gerardo Ortiz,A La Orden Del Flaco,2021.0,Y aquí la plaza ya tiene patrón,0,0,0,3,0,0,0.0,0.0,0.0,0.0,0.0
El Komander,Una Pantera En Las Cachas,2013.0,La gente sigue y a mi mando,0,0,0,3,0,0,0.0,0.0,0.0,0.0,0.0
Voz De Mando,De Corazón Ranchero,2015.0,Mi bendición para todos mando un fuerte abrazo a mi compadre Chapo,0,0,0,1,0,0,0.0,0.0,0.0,0.0,0.0
Faruz Feet,Underdogg,2015.0,convierte en tu patrón mi nombre señor acción budha Vhu Para el,0,0,0,0,0,0,0.0,0.0,0.0,0.0,0.0
Millonario,Casco Nazi,2015.0,"""Córrele pa'l chante, avísale a mi jefe pa' que le hable al comandante""",0,0,0,2,0,0,0.0,0.0,0.0,0.0,0.0
Cartel De Santa,Si Son Bien Jotos ,2006.0,Cuatro metros bajo tierra tapan el olor a muerto,3,0,0,0,0,0,0.0,0.0,0.0,0.0,0.0
Los Huracanes Del Norte,El Mocho Chavez,2006.0,"El mocho Chavez cayo, con diez tiros de pistola",3,0,0,0,0,0,0.0,0.0,0.0,0.0,0.0
Grupo Exterminador,Las Panteras,1996.0,porq se visten de negro les apodan las panteras y les queda el nombresito en verdad son unas fieras no le temen al gobierno y se matan con cualquiera las panters tienen garras y muy filosos colmillos y como estas son humanas traen puro cuerno de chibo los las han enfrentado ninguno ha quedado vivo dicen q una es sinaluence de durango y michuakan tierra de contrabandistas ya se lo imaginaran tres panteras eyerbadas q bonito rujiraaan con un viper en la bolsa celular y unas troconas con pistola en la situra pues se ben retematonas cargan puras ran del ano y se miran muy perronas cuando les ponen retenes por toas las carreteras porq son muy peligrosas poreso la ley copera porq se mochan bonito con lo jefes las panteras son las reinas de la droga yerba goma y heroina tienen muy buenos contactos con la mafia de lachina mientras haiga compradores el trafiq no ternina,3,2,0,0,0,0,0.0,0.0,0.0,0.0,0.0
Antonio Aguilar,Valente Quintero,1988.0,Se oyen tiros de pistola,2,0,0,0,0,0,0.0,0.0,0.0,0.0,0.0
Antonio Aguilar,Corrido De Arnulfo Gonzalez,1997.0,"Con la pistola en la mano, con la muerte lo amago",3,0,0,0,0,0,0.0,0.0,0.0,0.0,0.0
Los Huracanes Del Norte,Sangre De Gallo,2000.0,Me gusta tirar balazos,2,0,0,0,0,0,0.0,0.0,0.0,0.0,0.0
Chalino Sánchez,Los Hermanos Mata,2008.0,Se oyeron cuatro balazos,2,0,0,0,0,0,0.0,0.0,0.0,0.0,0.0
Antonio Aguilar,La Güera Chabela,1988.0,Cuatro balazos le dio,3,0,0,0,0,0,0.0,0.0,0.0,0.0,0.0
Carlos Y Jose,Jacinto El Tullido,1984.0,suenan balazos a muerte,3,0,0,0,0,0,0.0,0.0,0.0,0.0,0.0
Elote El Barbaro,Esto Es México ,2015.0,"gringos, armas, tiros, muertos,",3,0,0,0,0,0,0.0,0.0,0.0,0.0,0.0
Chalino Sánchez,Hermanos Garcia,2012.0,Cuatro armas originales,1,0,0,0,0,0,0.0,0.0,0.0,0.0,0.0
Peso Pluma,El Chuletas,2021.0,Yo ya porte charola de gobierno fusil largo y arma corta,2,0,0,0,0,0,0.0,0.0,0.0,0.0,0.0
Voz De Mando,Estilo Especial,2015.0,"Adictivo pa' la muerte, mi rifle lo proporciona",2,0,0,0,0,0,0.0,0.0,0.0,0.0,0.0
Los Tigres Del Norte,Arnulfo Gonzalez,2003.0,"Con su pistola en la mano, con la muerte lo amago",3,0,0,0,0,0,0.0,0.0,0.0,0.0,0.0
Pesado,Asesino A Sueldo,2008.0,"Vengo a matar a tu padre, asi dijo el gatillero",2,0,0,0,0,0,0.0,0.0,0.0,0.0,0.0
"""El Piporro""",Llego Borracho El Borracho,2002.0,"Los dos sacaron pistola, se cruzaron los balazos",3,0,0,0,0,0,0.0,0.0,0.0,0.0,0.0
Los Tucanes De Tijuana,Gonzalo Inzunza,2014.0,Y balazos empiezo a tirar,2,0,0,0,0,0,0.0,0.0,0.0,0.0,0.0
Antonio Aguilar,Rosita Alvirez,2007.0,"De tres tiros que le dieron, nomás uno era de muerte",3,0,0,0,0,0,0.0,0.0,0.0,0.0,0.0
Antonio Aguilar,Lamberto Quintero,2000.0,"Dos días despúes de su muerte, vuelven a sonar los tiros",3,0,0,0,0,0,0.0,0.0,0.0,0.0,0.0
Los Tigres Del Norte,Carga Blanca,1998.0,Varios tiros de pistola,2,0,0,0,0,0,0.0,0.0,0.0,0.0,0.0
Los Cadetes De Linares,Pista Secreta,2000.0,"Cayeron dos traficantes, quedando cuatro nomás,",3,2,0,0,0,0,0.0,0.0,0.0,0.0,0.0
"""El Piporro""",El Traga Balas,2002.0,"Pa defender al sufrido, pues la pistola, dispara sola,",2,0,0,0,0,0,0.0,0.0,0.0,0.0,0.0
Los Huracanes Del Norte,El Motor 460,1998.0,"Sonaron cuatro balazos, y la patrulla volaba",2,0,0,0,0,0,0.0,0.0,0.0,0.0,0.0
Valentin Elizalde,118 Balazos,2008.0,60 tiros de cuerno,2,0,0,0,0,0,0.0,0.0,0.0,0.0,0.0
Antonio Aguilar,Margarita La De Tijuana,1980.0,Sonaron cuatro balazos,2,0,0,0,0,0,0.0,0.0,0.0,0.0,0.0
Los Cadetes de Linares,Polvo Maldito,1980.0,Y alcanzo a matar a cuatro,3,0,0,0,0,0,0.0,0.0,0.0,0.0,0.0
Millonario,"Calle, Alcohol, Sexo y Placer",2015.0,Si es hora de matar yo soy el arma mortal,1,0,0,0,0,0,0.0,0.0,0.0,0.0,0.0
Los Tigres Del Norte,Los Dos Plebes,2007.0,La muerte ni los balazos,1,0,0,0,0,0,0.0,0.0,0.0,0.0,0.0
Luis Y Julián,Asesino a Sueldo,1983.0,"Vengo a matar a tú padre, así dijo el gatillero",2,0,0,0,0,0,0.0,0.0,0.0,0.0,0.0
Calibre 50,Plebada Alterada,2012.0,Cuerno y calibre 50,1,0,0,0,0,0,0.0,0.0,0.0,0.0,0.0
Los Tigres Del Norte,La Fama De La Pareja,2007.0,cien kilos de contrabando,0,3,0,0,0,0,0.0,0.0,0.0,0.0,0.0
Dharius,La Durango,2018.0,Era una Suburban gris y otra troca bien paleta,0,1,0,0,0,0,0.0,0.0,0.0,0.0,0.0
Los Tucanes De Tijuana,El Tesoro,2008.0,Trae una troca blindada,0,2,0,0,0,0,0.0,0.0,0.0,0.0,0.0
El Komander,Emilio Quintero,2013.0,"Hisimos el dicomiso, la avioneta se escapo, traiamos barios heridos pero un doctor muy amable nos ayudo en el camino.(y que suene masiso el tololoche pariente desde culiacan sionaloa biejo eaa).",2,2,0,0,0,0,0.0,0.0,0.0,0.0,0.0
Los Huracanes Del Norte,"Doble Fondo "" Carga Pesada """,1997.0,"En la troca habian clavado, varios kilos de heroina",0,3,0,0,0,0,0.0,0.0,0.0,0.0,0.0
Los Cadetes De Linares,"Entre Hierba, Polvo Y Plomo",2003.0,"Entre hierba, polvo y plomo",0,0,0,0,1,0,0.0,0.0,0.0,0.0,0.0
Grupo Firme,"Cerveza, Hierva y Polvo",2020.0,"Con cerveza, hierba y polvo, te la conecta",0,0,0,0,1,0,0.0,0.0,0.0,0.0,0.0
Los Tucanes De Tijuana,Sócias De La Mafia,2003.0,Transportan chiva y coca y de pilón marihuana,0,2,0,0,2,0,0.0,0.0,0.0,0.0,0.0
Alemán,Bachas,2020.0,"Hierba y polvo, eso es de lo que hablo",0,0,0,0,0,0,0.0,0.0,0.0,0.0,0.0
Peso Pluma,Put Em In The Fridge,2024.0,Cuando fumaba mota en blunt con el vecino,0,0,0,0,3,0,0.0,0.0,0.0,0.0,0.0
C-Kan,Latinos Unidos,2014.0,"Mucho, mucho mucho loco, perico coca y foco",0,0,0,0,3,0,0.0,0.0,0.0,0.0,0.0
Los Tucanes De Tijuana,El Benefactor De Colima,2008.0,"Que se pasaba su vida entre hierba polvo y sangre,",1,0,0,0,3,0,0.0,0.0,0.0,0.0,0.0
Banda Machos,Traficantes Michoacanos,2000.0,El polvo y la hierba mala,0,0,0,0,1,0,0.0,0.0,0.0,0.0,0.0
Los Tucanes De Tijuana,El Chemo Lopez,2007.0,"cargado de hierba y polvo a las fronteras llegaba,",0,3,0,0,2,0,0.0,0.0,0.0,0.0,0.0
Denilson,Mujeres Y Metales,2021.0,"Mota, fosfo en este bong",0,0,0,0,1,0,0.0,0.0,0.0,0.0,0.0
C-Kan,El Llanto Del Inmigrante,2015.0,Y Por acá les cruzan marihuana y cocaína,0,3,0,0,2,0,0.0,0.0,0.0,0.0,0.0
Calibre 50,El Burro,2012.0,"Traigo polvo, traigo hierba",0,0,0,0,1,0,0.0,0.0,0.0,0.0,0.0
Dharius,Arenosos,2020.0,"Saca la mota, sácate el bong, saca la lumbre pa' echarme un baizón",0,0,0,0,1,0,0.0,0.0,0.0,0.0,0.0
Carlos Y Jose,El Bipper De Mis Amigos,2012.0,Pa' pedidos de hierba y de coca,0,2,0,0,1,0,0.0,0.0,0.0,0.0,0.0
Dharius,Polvo Blanco,2022.0,"Polvo blanco, hierba verde y pastillas moradas",0,0,0,0,2,0,0.0,0.0,0.0,0.0,0.0
Dharius,Mota y Perico,2022.0,Mota y perico (la neta que estaba especial),0,0,0,0,1,0,0.0,0.0,0.0,0.0,0.0
Dharius,Mota y Perico,2022.0,Mota y perico (y esa carita angelical),0,0,0,0,1,0,0.0,0.0,0.0,0.0,0.0
Dharius,Mota y Perico,2022.0,Mota y perico (tenía un culote sin igual),0,0,0,0,1,0,0.0,0.0,0.0,0.0,0.0
Dharius,Mota y Perico,2022.0,"Mota y perico (la hubieras visto, carnal)",0,0,0,0,1,0,0.0,0.0,0.0,0.0,0.0
Dharius,Mota y Perico,2022.0,Con mota y perico,0,0,0,0,1,0,0.0,0.0,0.0,0.0,0.0
Dharius,Mota y Perico,2022.0,Mota y perico,0,0,0,0,1,0,0.0,0.0,0.0,0.0,0.0
Dharius,El Pasado Está Olvidado,2022.0,"El perico, los waxazos y las bolas de cristal",0,0,0,0,1,0,0.0,0.0,0.0,0.0,0.0
Dharius,Polvo Blanco,2022.0,El cuarto lleno de humo por la mota y por el wax (ah),0,0,0,0,1,0,0.0,0.0,0.0,0.0,0.0
Dharius,Polvo Blanco,2022.0,El cuarto lleno de humo por la mota y por el wax (por el wax),0,0,0,0,1,0,0.0,0.0,0.0,0.0,0.0
Vaquero's Musical,Avionetas Cargadas,1997.0,para bajar los paquetes de polvo y de hierba mala,0,2,0,0,1,0,0.0,0.0,0.0,0.0,0.0
Grupo Exterminador,Las Monjitas,1996.0,Coca pura y también marihuana,0,0,0,0,1,0,0.0,0.0,0.0,0.0,0.0
Dharius,Mota y Perico,2022.0,"Mota y perico (Con whisky, mota y un pascual)",0,0,0,0,1,0,0.0,0.0,0.0,0.0,0.0
Dharius,El Loquerón (Parte 1),2022.0,"Cocaína, marihuana, ya me voy para Tijuana",0,0,0,0,1,0,0.0,0.0,0.0,0.0,0.0
Peso Pluma,PRC,2023.0,"Polvo, ruedas y también cristal",0,1,0,0,1,0,0.0,0.0,0.0,0.0,0.0
Grupo Exterminador,Sangre de Valiente,1998.0,Yo paso con hierba y polvo por toditas las fronteras,0,3,0,0,2,0,0.0,0.0,0.0,0.0,0.0
Mexican Institute Of Sound,Mexico,2024.0,Verde de mota blanco de coca y rojo tu sangre,1,0,0,0,1,0,0.0,0.0,0.0,0.0,0.0
Grupo Exterminador,El Cartel De La Calle,1996.0,Para hacer pacas de billetes,0,0,2,0,0,0,0.0,0.0,0.0,0.0,0.0
Carin León,Banqueteras,2025.0,"Sin decir marcas, son poquitos, pero vale oro su lealtad",0,0,0,0,0,0,0.0,0.0,0.0,0.0,0.0
Los Tigres Del Norte,El Canelo,2007.0,De dólares traiga pacas,0,0,2,0,0,0,0.0,0.0,0.0,0.0,0.0
Dharius,Hago Lo Que Quiero,2022.0,"Las joyas, los lujos y los autos de colección",0,0,2,0,0,0,0.0,0.0,0.0,0.0,0.0
Dharius,Ay Güey Ay Güey,2022.0,"Disco de oro, más conciertos y dinero en mi cartera",0,0,0,0,0,0,0.0,0.0,0.0,0.0,0.0
Chalino Sánchez,Armando Aguirre,2012.0,las mujeres y el dinero,0,0,2,0,0,0,0.0,0.0,0.0,0.0,0.0
Dharius,Hago Lo Que Quiero,2022.0,"Buenos lujos, mujeres y adicción",0,0,2,0,1,0,0.0,0.0,0.0,0.0,0.0
Denilson,Lágrimas Y Sangre,2021.0,No traigo joyas ni diamantes soy el mismo de antes,0,0,0,0,0,0,0.0,0.0,0.0,0.0,0.0
Natanael Cano,Porque La Demora,2025.0,Con pacas de billetes yo me vuelvo loca,0,0,3,0,0,0,0.0,0.0,0.0,0.0,0.0
Denilson,Mi Coro,2021.0,Y diamantes en todo el oro (todo el oro),0,0,3,0,0,0,0.0,0.0,0.0,0.0,0.0
Denilson,Mi Coro,2021.0,"Hoy tengo oro con diamantes, pero no me olvido cuando vendí cobre",0,0,0,0,0,0,0.0,0.0,0.0,0.0,0.0
Adan Cruz,Volare,2015.0,El tiempo es oro vuelvo kilates en dólares mi habilidad garantiza que sonare vida de jet,0,0,3,0,0,0,0.0,0.0,0.0,0.0,0.0
El As De La Sierra,El Desconocido,1997.0,joyas dinero y sus carros,0,0,1,0,0,0,0.0,0.0,0.0,0.0,0.0
Voz De Mando,"El Ranchero Al Que Apodan ""el Mayo"" ",2013.0,Mucho dinero joyas y carros,0,0,1,0,0,0,0.0,0.0,0.0,0.0,0.0
Voz De Mando,Gente de Arranque,2013.0,Brillan el oro y diamantes,0,0,1,0,0,0,0.0,0.0,0.0,0.0,0.0
Alemán,Quién Si No,2018.0,"De dónde viene supé', con joyas y limosí', dinero en el maletín",0,0,2,0,0,0,0.0,0.0,0.0,0.0,0.0
Tito Double P,Dos Días,2024.0,"Me encantan las pacas, me mama el dinero",0,0,3,0,0,0,0.0,0.0,0.0,0.0,0.0
Santa Fe Klan,Adiccion,2019.0,"Nunca nos faltan mujeres, dinero, ni mary jane",0,0,3,0,1,0,0.0,0.0,0.0,0.0,0.0
Grupo Exterminador,Me Encanta la Travesura ,2000.0,El dinero es pa gastarlo no es pa tenerlo guardado si no de que me ha servido lo mucho que he trabajado sirvanle a todos mesera no he venido a pedir fiado con billetes en la bolsa lo que me sobra es la carne el pan me lo dejan fiado lo que me falta es el hambre antes que el mundo se acabe voy a vivir a lo grande,0,0,0,0,0,0,0.0,0.0,0.0,0.0,0.0
Chalino Sánchez,El Crimen De Culiacan,1996.0,Y unos momentos después llegaba la policía,0,0,0,0,0,2,0.0,0.0,0.0,0.0,0.0
Mexican Institute Of Sound,Mexico,2024.0,Con un gobierno involucrado,0,0,0,0,0,3,0.0,0.0,0.0,0.0,0.0
Maluma,Hace Un Mes,2024.0,Ahora me tira por text (uh),0,0,0,0,0,0,0.0,0.0,0.0,0.0,0.0
Maluma,Hace Un Mes,2024.0,Ahora me tira por text,0,0,0,0,0,1,0.0,0.0,0.0,0.0,0.0
vagón chicano,Carro Negro,2009.0,A todos los federales,0,0,0,0,0,0,0.0,0.0,0.0,0.0,0.0
Los Tigres Del Norte,A Quien Corresponda,2000.0,"Vamos despierten señores, encargados del gobierno",0,0,0,0,0,2,0.0,0.0,0.0,0.0,0.0
Banda Machos,Pacas De A Kilo,2000.0,Que tienden los federales,0,0,0,0,0,1,0.0,0.0,0.0,0.0,0.0
Chalino Sánchez,El Gallo De Sinaloa ,2008.0,Lo busca la policía,0,0,0,0,0,1,0.0,0.0,0.0,0.0,0.0
Colmillo NORTEÑO,CIEN POR UNO,2008.0,Esa es la ley de los colombianos,0,0,0,0,0,0,0.0,0.0,0.0,0.0,0.0
Valentin Elizalde,Corrido De Juan Martha,2008.0,y traes la ley en sus manos,0,0,0,0,0,2,0.0,0.0,0.0,0.0,0.0
Valentin Elizalde,Juan Luevano Sarmiento,2008.0,Mientras que unos federales,0,0,0,0,0,1,0.0,0.0,0.0,0.0,0.0
Valentin Elizalde,Juan Luevano Sarmiento,2008.0,Fueron unos federales,0,0,0,0,0,1,0.0,0.0,0.0,0.0,0.0
Banda Machos,Fuera De La Ley,2008.0,De la mafia y de la ley,1,0,0,0,0,1,0.0,0.0,0.0,0.0,0.0
Banda Machos,Fuera De La Ley,2008.0,Ando fuera de la ley,1,0,0,0,0,1,0.0,0.0,0.0,0.0,0.0
Chalino Sánchez,Rodolfo Garza,2008.0,Hombre de muy buena ley,0,0,0,0,0,0,0.0,0.0,0.0,0.0,0.0
Valentin Elizalde,Traicion Federal,2008.0,"Se vino un operativo, de verdes y judiciales",0,0,0,0,0,2,0.0,0.0,0.0,0.0,0.0
Valentin Elizalde,Traicion Federal,2008.0,"A mi rancho ganadero, llegaron los federales",0,0,0,0,0,2,0.0,0.0,0.0,0.0,0.0
Valentin Elizalde,El Escape Del Chapo,2008.0,La policía federal,0,0,0,0,0,1,0.0,0.0,0.0,0.0,0.0
Valentin Elizalde,Regresan Los Mafiosos,2008.0,No se respeta al gobierno,0,0,0,0,0,2,0.0,0.0,0.0,0.0,0.0
Grupo Exterminador,Los Dos Rivales,1996.0,Alto en nombre de la ley!,0,0,0,0,0,1,0.0,0.0,0.0,0.0,0.0
Los Tucanes De Tijuana,Armando Soto,1997.0,Los federales disparan,2,0,0,0,0,3,0.0,0.0,0.0,0.0,0.0
Los Tucanes De Tijuana,Armando Soto,1997.0,Un dia les callo el gobierno,0,0,0,0,0,3,0.0,0.0,0.0,0.0,0.0
Millonario & W. Corona,Fumando Weed,2012.0,"De la chota ron, ron",0,0,0,0,0,1,0.0,0.0,0.0,0.0,0.0
Los Tucanes De Tijuana,Jaime González,1997.0,Con todos los federales,0,0,0,0,0,1,0.0,0.0,0.0,0.0,0.0
Los Tucanes De Tijuana,Los Compas De Almoloya,1997.0,en las manos de la ley,0,0,0,0,0,2,0.0,0.0,0.0,0.0,0.0
Millonario & W. Corona,Controlando,2012.0,Un saludo pa' mis carnales de houston y de ley,0,0,0,0,0,0,0.0,0.0,0.0,0.0,0.0
Millonario & W. Corona,Controlando,2012.0,Por aca en santa me conecto con mis compas de ley,0,0,0,0,0,0,0.0,0.0,0.0,0.0,0.0
Millonario & W. Corona,Controlando,2012.0,"Los helicópteros, marina y federales",0,0,0,0,0,2,0.0,0.0,0.0,0.0,0.0
Los Tucanes De Tijuana,Se desgrano la mazorca,1997.0,ya te apalabre la ley,0,0,0,0,0,0,0.0,0.0,0.0,0.0,0.0
El As De La Sierra,La Muerte Del Ligero,1997.0,nunca peleo con ventaja era hombre de mucha ley,0,0,0,0,0,0,0.0,0.0,0.0,0.0,0.0
Chalino Sánchez,Dinastia De Los Ochoa,2025.0,También a la ley servía,0,0,0,0,0,2,0.0,0.0,0.0,0.0,0.0
Chalino Sánchez,Dinastia De Los Ochoa,2025.0,Unos falsos judiciales,2,0,0,0,0,1,0.0,0.0,0.0,0.0,0.0
Illya Kuryaki & The Valderramas,No Way José,1996.0,Sin darse cuenta alertó a la policía,0,0,0,0,0,1,0.0,0.0,0.0,0.0,0.0
Grupo Exterminador,El Baje,1997.0,De gobierno disfrazado,0,0,0,0,0,2,0.0,0.0,0.0,0.0,0.0
Grupo Exterminador,La Fiesta De Los Perrones,1997.0,El gobierno ya lo sabe,0,0,0,0,0,2,0.0,0.0,0.0,0.0,0.0
Banda Sinaloense Los Recoditos,Gordo y Mantecoso,1997.0,Pero el gobierno me busca,0,0,0,0,0,2,0.0,0.0,0.0,0.0,0.0
Banda Sinaloense Los Recoditos,Gordo y Mantecoso,1997.0,Porque soy hombre de ley,0,0,0,0,0,0,0.0,0.0,0.0,0.0,0.0
C-Kan,Ten La Tuya,2012.0,Cuando no se vean luces de la policía,0,0,0,0,0,1,0.0,0.0,0.0,0.0,0.0
Millonario & W. Corona,Mas Flow Mas Cash,2012.0,"El Mili tira a Lucas, porque el Mili es una fiera",0,0,0,0,0,0,0.0,0.0,0.0,0.0,0.0
Los Tucanes De Tijuana,El Promotor De Box,1997.0,La ley nunca investigó,0,0,0,0,0,2,0.0,0.0,0.0,0.0,0.0
Los Tucanes De Tijuana,El Promotor De Box,1997.0,La policía judicial,0,0,0,0,0,1,0.0,0.0,0.0,0.0,0.0
Los Tucanes De Tijuana,Armando Soto,1997.0,Trabajar Contra el gobierno,0,0,0,0,0,1,0.0,0.0,0.0,0.0,0.0
Millonario & W. Corona,Aqui Vou You,2012.0,La policía mil veces me han arresta'o,0,0,0,0,0,1,0.0,0.0,0.0,0.0,0.0
Dharius,Mala Decisión,2022.0,"No inmortal, pero sí eterno, y chingue a su madre el gobierno",0,0,0,0,0,0,0.0,0.0,0.0,0.0,0.0
DJ Agustin,Kuley,2013.0,"Aquí no cae la ley, hey",0,0,0,0,0,2,0.0,0.0,0.0,0.0,0.0
Los Huracanes Del Norte,El Gato de Chihuahua,1996.0,Caen federales pa'trás,0,0,0,0,0,2,0.0,0.0,0.0,0.0,0.0
Los Huracanes Del Norte,El Gato de Chihuahua,1996.0,"Hermano, cayó la ley",0,0,0,0,0,2,0.0,0.0,0.0,0.0,0.0
Grupo Exterminador,Las Monjitas,1996.0,Y mataron a los federales,0,0,0,0,0,3,0.0,0.0,0.0,0.0,0.0
Grupo Exterminador,Los Dos Rivales,1996.0,"no porque seas del gobierno, me importa un poco tu grado,",0,0,0,0,0,2,0.0,0.0,0.0,0.0,0.0
Chino Pacas,ZUMBANDO,2025.0,"Y como en GTA, voy rompiendo la ley",0,0,0,0,0,3,0.0,0.0,0.0,0.0,0.0
Chino Pacas,ZUMBANDO,2025.0,"Como en GTA, rompiendo la ley",0,0,0,0,0,3,0.0,0.0,0.0,0.0,0.0
Chino Pacas,FLOTA,2025.0,Escucho murmuros aparentes de la chota,0,0,0,0,0,1,0.0,0.0,0.0,0.0,0.0
Peso Pluma,Lady Gaga,2023.0,"Tira jodido, lira jodidón",0,0,0,0,0,0,0.0,0.0,0.0,0.0,0.0
Los Invasores De Nuevo Leon,El Güero Palma,1996.0,"de la ley, y del destino,",0,0,0,0,0,0,0.0,0.0,0.0,0.0,0.0
Peso Pluma,VVS,2023.0,"No le falto el respeto a nadie, saben que soy ley",0,0,0,0,0,0,0.0,0.0,0.0,0.0,0.0
Lorenzo De Monteclaro,Ayer Baje De La Sierra,1988.0,A escondidas del gobierno,0,0,0,0,0,1,0.0,0.0,0.0,0.0,0.0
Grupo Exterminador,El Último Viaje,1997.0,Iba violando la ley,0,0,0,0,0,1,0.0,0.0,0.0,0.0,0.0
Lorenzo De Monteclaro,La Banda Del Carro Rojo,1988.0,Los otros tres del gobierno,0,0,0,0,0,1,0.0,0.0,0.0,0.0,0.0
Dharius,Hago Lo Que Quiero,2022.0,"Las cuentas siguen aumentando, el gobierno me sigue buscando",0,0,0,0,0,2,0.0,0.0,0.0,0.0,0.0
Grupo Exterminador,El Muchacho Y El Teniente,1997.0,A penas tenia 20 años pero agallas le sobraban empezó a tartamudear la r-15 que cargaba y a seis de los federales al mas aya los mandaba,3,0,0,0,0,3,0.0,0.0,0.0,0.0,0.0
Grupo Exterminador,El Dedo,1997.0,Que el gobierno le pagara,0,0,0,0,0,3,0.0,0.0,0.0,0.0,0.0
Grupo Exterminador,El Dedo,1997.0,Con la ley me puso el dedo,0,0,0,0,0,2,0.0,0.0,0.0,0.0,0.0
Los Huracanes Del Norte,El Hijo De La Sierra,1997.0,"Él es mi fiel compañero, por si me encuentro al gobierno",0,0,0,0,0,2,0.0,0.0,0.0,0.0,0.0
Los Tigres Del Norte,Carne Quemada,1997.0,por eso los federales,0,0,0,0,0,1,0.0,0.0,0.0,0.0,0.0
Los Tigres Del Norte,Por Debajo Del Agua,1997.0,en el lado americano.,0,0,0,0,0,1,0.0,0.0,0.0,0.0,0.0
Los Tigres Del Norte,Jefe De Jefes,1997.0,Muchos creen que me busca el gobierno,0,0,0,0,0,1,0.0,0.0,0.0,0.0,0.0
Jenni Rivera,Las Cachanillas,2012.0,Pa no topar federales por aire andan ahora,0,2,0,0,0,1,0.0,0.0,0.0,0.0,0.0
Jenni Rivera,La Maestra Del Contrabando,2012.0,Yo se que me andan buscando la DEA y la Chota,0,0,0,0,0,1,0.0,0.0,0.0,0.0,0.0
Vaquero's Musical,Avionetas Cargadas,1997.0,De la ley no se preocupen esta muy bien dominada,0,0,0,0,0,3,0.0,0.0,0.0,0.0,0.0
Grupo Exterminador,El Último Viaje,1997.0,Toreaban los de la ley,0,0,0,0,0,1,0.0,0.0,0.0,0.0,0.0
C-Kan,Cuando Era Niño,2012.0,"Las riñas, los puercos y el narcomeludeo",0,2,0,0,0,2,0.0,0.0,0.0,0.0,0.0
C-Kan,Esta Vida Me Encanta,2012.0,"ni presidente ni juez mucho menos policía,",0,0,0,0,0,1,0.0,0.0,0.0,0.0,0.0
Grupo Exterminador,El Último Viaje,1997.0,Los agentes de la ley,0,0,0,0,0,1,0.0,0.0,0.0,0.0,0.0
Los Huracanes Del Norte,Ranchos Famosos,1997.0,"Y hasta el gobierno la piensa, pa' visitarlos",0,0,0,0,0,3,0.0,0.0,0.0,0.0,0.0
Los Huracanes Del Norte,Informe Del Dea,1997.0,Un grupo de federales se dio cita en el lugar,0,0,0,0,0,1,0.0,0.0,0.0,0.0,0.0
Los Huracanes Del Norte,Los Tres Sinaloenses,1997.0,Judiciales del estado estaban bien,0,0,0,0,0,1,0.0,0.0,0.0,0.0,0.0
Chalino Sánchez,Ignacio Parra,2012.0,el gobierno me buscaba,0,0,0,0,0,1,0.0,0.0,0.0,0.0,0.0
Los Huracanes Del Norte,Los Tres Sinaloenses,1997.0,Movilizados federales y soldados,0,0,0,0,0,1,0.0,0.0,0.0,0.0,0.0
Los Huracanes Del Norte,La Suburban Dorada,1997.0,Cayeron seis judiciales,0,0,0,0,0,2,0.0,0.0,0.0,0.0,0.0
Los Tucanes De Tijuana,Consulado privado,1997.0,También es contra la ley,0,0,0,0,0,1,0.0,0.0,0.0,0.0,0.0
Jenni Rivera,Jefa De Jefas,2012.0,La adea y la chota,0,0,0,0,0,1,0.0,0.0,0.0,0.0,0.0
Chayito Valdez,Simon Blanco,1985.0,"Que el gobierno respetaba,",0,0,0,0,0,3,0.0,0.0,0.0,0.0,0.0
Los Cadetes De Linares,Nave 727,2008.0,Ninguna ley de la tierra,0,0,0,0,0,0,0.0,0.0,0.0,0.0,0.0
Voz De Mando,"El Ranchero Al Que Apodan ""el Mayo"" ",2013.0,Gobierno mexico americano,0,0,0,0,0,2,0.0,0.0,0.0,0.0,0.0
Los Tigres Del Norte,El Hijo Menor,1996.0,Que no ha quedado imprimida porque es la ley del destino,0,0,0,0,0,0,0.0,0.0,0.0,0.0,0.0
Los Tigres Del Norte,El Reportero,1996.0,"Buscando contrabandistas, me hallaron los federales,",0,1,0,0,0,2,0.0,0.0,0.0,0.0,0.0
Natanael Cano,Porque La Demora,2025.0,Con la ley de la atracción al todo mal logrado,0,0,0,0,0,0,0.0,0.0,0.0,0.0,0.0
Natanael Cano,Como Es,2025.0,"Si el gobierno me busca, bebé",0,0,0,0,0,2,0.0,0.0,0.0,0.0,0.0
"Natanael Cano, Anuel AA",Como Es (Remix),2025.0,"Si el gobierno me busca, bebé, yo me monto en el jet y me pelo",0,0,0,0,0,2,0.0,0.0,0.0,0.0,0.0
Mariel Mariel,La Mercancía,2013.0,Que se lo lleva el viento o el policía,0,0,0,0,0,1,0.0,0.0,0.0,0.0,0.0
Blnko,Irreverente/Desaparezco,2023.0,Me tira mucho pendejo pero ninguno me nombra,0,0,0,0,0,0,0.0,0.0,0.0,0.0,0.0
Los Invasores De Nuevo Leon,El Baron Del Golfo,1996.0,El gobierno Americano pa juzgar a juan Garcia por ser,0,0,0,0,0,1,0.0,0.0,0.0,0.0,0.0
Los Invasores De Nuevo Leon,El Baron Del Golfo,1996.0,el gobierno Americano sabe que es de sangre azteca y,0,0,0,0,0,1,0.0,0.0,0.0,0.0,0.0
Los Invasores De Nuevo León,El Último Cartucho,1996.0,El gobierno lo buscaba,0,0,0,0,0,2,0.0,0.0,0.0,0.0,0.0
Los Invasores De Nuevo León,El Último Cartucho,1996.0,Sin que la ley lo supiera,0,0,0,0,0,1,0.0,0.0,0.0,0.0,0.0
Los Tucanes De Tijuana,El Chapo Guzmán,1996.0,La ley nunca lo encontró,0,0,0,0,0,0,0.0,0.0,0.0,0.0,0.0
Los Huracanes Del Norte,El Corrido De Juan Martha,1988.0,Del gobierno los rurales le temian,0,0,0,0,0,1,0.0,0.0,0.0,0.0,0.0
Antonio Aguilar,Jacinto Treviño,1988.0,"Decía el sheriff mayor, como era un americano",0,0,0,0,0,1,0.0,0.0,0.0,0.0,0.0
Los Huracanes Del Norte,El Parrandero,1997.0,"Peleaba de frente, con los federales",2,0,0,0,0,2,0.0,0.0,0.0,0.0,0.0
Calibre 50,De Sinaloa Para El Mundo,2012.0,"Me busca el gobierno, quieren agarrarme",0,0,0,0,0,2,0.0,0.0,0.0,0.0,0.0
Los Caminantes,Benito Canales,1984.0,Gritando los federales,0,0,0,0,0,1,0.0,0.0,0.0,0.0,0.0
Los Caminantes,La Mafia Muere,1984.0,Otros grandes también del gobierno,0,0,0,0,0,1,0.0,0.0,0.0,0.0,0.0
Antonio Aguilar,Pánfilo Natera,1984.0,Les dijo a los federales...,0,0,0,0,0,1,0.0,0.0,0.0,0.0,0.0
Los Cadetes De Linares,Los Contrabandistas,1976.0,Bandidos contra la ley,0,0,0,0,0,1,0.0,0.0,0.0,0.0,0.0
Chalino Sánchez,Juan Cantu,2012.0,Los agentes del gobierno,0,0,0,0,0,1,0.0,0.0,0.0,0.0,0.0
Calibre 50,El Burro,2012.0,Capoteandome al gobierno,0,0,0,0,0,1,0.0,0.0,0.0,0.0,0.0
Los Tucanes De Tijuana,El Jabalí,1997.0,la ley me esta protejiendo mas vale,0,0,0,0,0,3,0.0,0.0,0.0,0.0,0.0
Los Tucanes De Tijuana,El Jabalí,1997.0,los que a la ley le entregaron,0,0,0,0,0,2,0.0,0.0,0.0,0.0,0.0
"Peso Pluma, Luis R Conriquez",Siempre Pendientes,2022.0,Porque el gobierno es muy inteligente,0,0,0,0,0,2,0.0,0.0,0.0,0.0,0.0
Los Huracanes Del Norte,El Leon De La Sierra,1988.0,"Murieron los federales, en las manos de una fiera,",3,0,0,0,0,3,0.0,0.0,0.0,0.0,0.0
Los Huracanes Del Norte,La Fiera,1988.0,"Tres policías judiciales, que tanto lo atormentaron",1,0,0,0,0,3,0.0,0.0,0.0,0.0,0.0
Los Huracanes Del Norte,Ranchos Famosos,1997.0,"Pero a la mala, no respetan federales",0,0,0,0,0,2,0.0,0.0,0.0,0.0,0.0
Chalino Sánchez,El Dos Dedos,2012.0,Cuando vio a los federales,0,0,0,0,0,1,0.0,0.0,0.0,0.0,0.0
Chalino Sánchez,Nacho Verduzco,2012.0,Un policía se llevó,0,0,0,0,0,1,0.0,0.0,0.0,0.0,0.0
Los Cadetes De Linares,El Tartanero,1984.0,"""Este hombre es de mucha ley",0,0,0,0,0,0,0.0,0.0,0.0,0.0,0.0
Los Caminantes,Valentin De La Sierra,1984.0,En manos del gobierno,0,0,0,0,0,2,0.0,0.0,0.0,0.0,0.0
Los Caminantes,Benito Canales,1984.0,Viva el supremo gobierno,0,0,0,0,0,1,0.0,0.0,0.0,0.0,0.0
Calibre 50,Plebada Alterada,2012.0,Para la ley son el rey,0,0,0,0,0,1,0.0,0.0,0.0,0.0,0.0
Calibre 50,Plebada Alterada,2012.0,Si nos molesta la ley,0,0,0,0,0,1,0.0,0.0,0.0,0.0,0.0
Calibre 50,Renovar O Morir,2012.0,Esa es la ley de la vida,0,0,0,0,0,0,0.0,0.0,0.0,0.0,0.0
Los Huracanes Del Norte,Clave 7,1988.0,"Ninguna ley del gobierno, mi nombre podrá cambiar",0,0,0,0,0,3,0.0,0.0,0.0,0.0,0.0
Los Huracanes Del Norte,Clave 7,1988.0,"En el reten de la loma, estaban 100 federales,",0,1,0,0,0,1,0.0,0.0,0.0,0.0,0.0
C-Kan,El Llanto Del Inmigrante,2015.0,Pa esos a los que el gobierno considera,0,0,0,0,0,1,0.0,0.0,0.0,0.0,0.0
C-Kan,El Llanto Del Inmigrante,2015.0,De que la calle y el gobierno sea un desorden,0,0,0,0,0,1,0.0,0.0,0.0,0.0,0.0
C-Kan,El Llanto Del Inmigrante,2015.0,el enemigo es el gobierno Americano,0,0,0,0,0,1,0.0,0.0,0.0,0.0,0.0
Chalino Sánchez,La Muerte Del Pela Vacas,2012.0,Perseguido por la ley,0,0,0,0,0,2,0.0,0.0,0.0,0.0,0.0
C-Kan,Mama Me Dijo Un Dia,2015.0,"No hay más reventones, balas ni problemas con la ley",2,0,0,0,0,1,0.0,0.0,0.0,0.0,0.0
C-Kan,Mama Me Dijo Un Dia,2015.0,Si lo fueron a casar o ya se lo cargo la tira,3,0,0,0,0,2,0.0,0.0,0.0,0.0,0.0
C-Kan,Mama Me Dijo Un Dia,2015.0,"Ellos quien llaman a la policía, no",0,0,0,0,0,1,0.0,0.0,0.0,0.0,0.0
Chalino Sánchez,Nacho Verduzco,2012.0,La ley no se imaginaba,0,0,0,0,0,1,0.0,0.0,0.0,0.0,0.0
Chalino Sánchez,Chico El Colorado,2012.0,"Tenia muchos enemigos siempre andaba bien armado, mucho miedo le tenian judiciales y soldados",1,0,0,0,0,2,0.0,0.0,0.0,0.0,0.0
Blnko,Siempre la Cago,2021.0,"Morra, tira paro y vuelve",0,0,0,0,0,0,0.0,0.0,0.0,0.0,0.0
Bad Bunny,Yo Visto Así,2021.0,"Si fuera bombero, me vistiera de policía",0,0,0,0,0,0,0.0,0.0,0.0,0.0,0.0
Bad Bunny,Dakiti,2021.0,"Y si tú me tira', vamo' a nadar en lo hondo (nadar en lo hondo)",0,0,0,0,0,0,0.0,0.0,0.0,0.0,0.0
Bad Bunny,Dakiti,2021.0,"Y si tú me tira', vamo' a nadar en lo hondo",0,0,0,0,0,0,0.0,0.0,0.0,0.0,0.0
Los Tucanes De Tijuana,La Recompensa,1996.0,Toditos los de la ley,0,0,0,0,0,1,0.0,0.0,0.0,0.0,0.0
Eme MalaFe,Así es la calle (Bonus Track),2024.0,"Que si fue la maña, que si es el gobierno",0,0,0,1,0,2,0.0,0.0,0.0,0.0,0.0
Pesado,La Chiva Colgada,2008.0,Amagando a los presente huyo de la policía,1,0,0,0,0,2,0.0,0.0,0.0,0.0,0.0
C-Kan,Mi Música Es Un Arma,2013.0,Por culpa de mi lírica una ficha pal' el gobierno,0,0,0,0,0,1,0.0,0.0,0.0,0.0,0.0
El Komander,Emilio Quintero,2013.0,El hombre dijo a la ley,0,0,0,0,0,2,0.0,0.0,0.0,0.0,0.0
Los Invasores De Nuevo Leon,Jesus Martinez,1985.0,burlando los federales,0,0,0,0,0,2,0.0,0.0,0.0,0.0,0.0
Los Tigres Del Norte,El Gallo De San Juan,1985.0,Que solo a Dios y al gobierno,0,0,0,0,0,1,0.0,0.0,0.0,0.0,0.0
El Komander,La Mafia Se Sienta En La Mesa,2013.0,Platoclomo fue su ley,0,0,0,0,0,0,0.0,0.0,0.0,0.0,0.0
El Komander,La Vuelta Cargada,2013.0,Prendieron torretas varios federales,0,0,0,0,0,1,0.0,0.0,0.0,0.0,0.0
El Komander,La Vuelta Cargada,2013.0,Tal vez sea el gobierno,0,0,0,0,0,1,0.0,0.0,0.0,0.0,0.0
Luis Y Julian,Numero 585,1985.0,"Los agentes federales, sitiaron aquel lugar",2,0,0,0,0,2,0.0,0.0,0.0,0.0,0.0
Voz De Mando,Calibre 45,2013.0,Todo lo que sea gobierno,0,0,0,0,0,1,0.0,0.0,0.0,0.0,0.0
Voz De Mando,El Señor De Los Cielos,2015.0,Entre contras y gobierno,0,0,0,0,0,1,0.0,0.0,0.0,0.0,0.0
Los Cadetes De Linares,Por Una Rencilla Vieja,1983.0,Era el brazo del gobierno,0,0,0,0,0,1,0.0,0.0,0.0,0.0,0.0
Los Broncos De Reynosa,Clave 7,1983.0,"En el retén de la Loma, estaban 100 federales",0,0,0,0,0,1,0.0,0.0,0.0,0.0,0.0
C-Kan,Por El Mexicano,2015.0,mi gobierno me averguenza,0,0,0,0,0,1,0.0,0.0,0.0,0.0,0.0
C-Kan,Por El Mexicano,2015.0,la educacion no te la enseñan porque el gobierno te la vende,0,0,0,0,0,1,0.0,0.0,0.0,0.0,0.0
C-Kan,Quien Contra Mi,2015.0,Ve y preguntale al gobierno y los hommies en la penal,0,0,0,0,0,1,0.0,0.0,0.0,0.0,0.0
Los Tigres Del Norte,Me Gusta Lo Bueno,1983.0,Se que la ley me persigue,0,0,0,0,0,2,0.0,0.0,0.0,0.0,0.0
Los Tigres Del Norte,Me Gusta Lo Bueno,1983.0,Lo queman los federales,0,0,0,0,0,2,0.0,0.0,0.0,0.0,0.0
Bad Bunny,La Canción,2021.0,Creo que tú jodes como la ley,0,0,0,0,0,0,0.0,0.0,0.0,0.0,0.0
Bad Bunny,La Canción,2021.0,Creo que tú jodes como la ley (uh),0,0,0,0,0,0,0.0,0.0,0.0,0.0,0.0
Alberto Vázquez,La Carcel De Cananea,1988.0,Al estilo americano,0,0,0,0,0,0,0.0,0.0,0.0,0.0,0.0
Alberto Vázquez,La Carcel De Cananea,1988.0,Me aprehendió la policía,0,0,0,0,0,2,0.0,0.0,0.0,0.0,0.0
Pedro Infante,Nacho Bernal,1988.0,Cuando el gobierno llegó,0,0,0,0,0,1,0.0,0.0,0.0,0.0,0.0
Pedro Infante,Nacho Bernal,1988.0,Me anda buscando la ley,0,0,0,0,0,1,0.0,0.0,0.0,0.0,0.0
Luis Perez Meza,El Barzon,1983.0,Tan sembrando muy a gusto tierras que les dio el gobierno,0,0,0,0,0,0,0.0,0.0,0.0,0.0,0.0
Los Alegres De Terán,El Ojo De Vidrio,1980.0,"Burlándose del gobierno, mataba muchos soldados",3,0,0,0,0,3,0.0,0.0,0.0,0.0,0.0
Elote El Barbaro,Esto Es México ,2015.0,"La Policía es de viseteria hay negocios ya sin garantía y nadie más confía, la feria rifa pero pero es una chinga obtener tantita y la mayoría se te va en pagar propinas . tanto impuesto, ISR, IVA",0,0,0,0,0,0,0.0,0.0,0.0,0.0,0.0
Elote El Barbaro,Esto Es México ,2015.0,"Damas, morras, rucas, sueldos, vivos, tontos, bisnes, presos, ratas, lacras, puercos chuecos, barrios, calles, cementerios, ESTO ES MÉXICO",0,0,0,0,0,0,0.0,0.0,0.0,0.0,0.0
Pedro Infante,Nacho Bernal,1988.0,Ahora se hacen a mi ley,0,0,0,3,0,0,0.0,0.0,0.0,0.0,0.0
Denilson,Sed De Ganar,2021.0,Le explico al policía antes de que este se corrompa,0,0,0,0,0,2,0.0,0.0,0.0,0.0,0.0
Carlos Y José,El Quemador,1988.0,Entre puros judiciales,0,0,0,0,0,1,0.0,0.0,0.0,0.0,0.0
Denilson,Lágrimas Y Sangre,2021.0,Arriba de un Mercedes esquivando a la ley,0,2,0,0,0,2,0.0,0.0,0.0,0.0,0.0
Gerardo Ortiz,Don Jesús,2021.0,Su rastro lo empezó a seguir el gobierno,0,0,0,0,0,2,0.0,0.0,0.0,0.0,0.0
Los Cadetes De Linares,El Asesino,1980.0,Y dicen me anda buscando la ley,0,0,0,0,0,2,0.0,0.0,0.0,0.0,0.0
Millonario,Inmortal,2015.0,"Tira de frente, si no es porque eres cobarde",1,0,0,0,0,0,0.0,0.0,0.0,0.0,0.0
Millonario,"Calle, Alcohol, Sexo y Placer",2015.0,Si viene la chota les cierro el zaguán,0,0,0,0,0,1,0.0,0.0,0.0,0.0,0.0
Millonario,Chingo De Cheve,2015.0,Ando bien caga palos y bien tira rollo,0,0,0,0,0,0,0.0,0.0,0.0,0.0,0.0
Millonario,Casco Nazi,2015.0,Me llevó la chota por culpa de un enriatado,0,0,0,0,0,1,0.0,0.0,0.0,0.0,0.0
Carlos Y José,Corrido De Manuel Lopez,1988.0,Si me han hablado de frente ya no fueran federales,0,0,0,0,0,2,0.0,0.0,0.0,0.0,0.0
Carlos Y José,Corrido De Manuel Lopez,1988.0,Mataron a Manuel Lopez los agentes federales,3,0,0,0,0,3,0.0,0.0,0.0,0.0,0.0
Carlos Y José,El Quemador,1988.0,Compareños judiciales,0,0,0,0,0,1,0.0,0.0,0.0,0.0,0.0
Millonario,Yo No Creo En la Democracia,2015.0,Chingos de carnales 'tán hasta la madre del gobierno,0,0,0,0,0,0,0.0,0.0,0.0,0.0,0.0
Millonario,Yo No Creo En la Democracia,2015.0,"Así es la vida, la ley nos la ensartan",0,0,0,0,0,0,0.0,0.0,0.0,0.0,0.0
Carlos Y Jose,El Capitan Fantasma,1980.0,"De la ley de Monterrey, de ella también te burlaste",0,0,0,0,0,2,0.0,0.0,0.0,0.0,0.0
Los Tigres Del Norte,El Discipulo Del Diablo,2007.0,Se burlaba del gobierno,0,0,0,0,0,3,0.0,0.0,0.0,0.0,0.0
Los Tigres Del Norte,El Discipulo Del Diablo,2007.0,Del gobierno y de los narcos,0,0,0,0,0,1,0.0,0.0,0.0,0.0,0.0
Los Tigres Del Norte,La Fama De La Pareja,2007.0,quedando la ley burlada.,0,0,0,0,0,3,0.0,0.0,0.0,0.0,0.0
Tiro Loko,Al Tiro Loko,2020.0,"Andale güey, póngale play, soy como un rey impongo mi ley",0,0,0,0,0,0,0.0,0.0,0.0,0.0,0.0
Dharius,Espejismo,2020.0,"De la raza más prendida, de esos que siempre son ley",0,0,0,0,0,0,0.0,0.0,0.0,0.0,0.0
Kosmer,Brasil 99',2020.0,Pero lo que tengo es casi ley que lo comparto,0,0,0,0,0,0,0.0,0.0,0.0,0.0,0.0
Primero Company,Sean Kemp,2020.0,Choros a la tira vine a levantar las manos,0,0,0,0,0,0,0.0,0.0,0.0,0.0,0.0
Carlos Y José,Santos Cantu,1988.0,"""Soldados o judiciales, vengan a acabar conmigo""",0,0,0,0,0,1,0.0,0.0,0.0,0.0,0.0
Dharius,Arenosos,2020.0,"Rimas de ley, de Monterrey, pa' los locotes de todos los barrios",0,0,0,0,0,0,0.0,0.0,0.0,0.0,0.0
Los Tigres Del Norte,Por Ser Sinaloense,2007.0,Se k me busca el gobierno,0,0,0,0,0,1,0.0,0.0,0.0,0.0,0.0
Los Cadetes de Linares,Polvo Maldito,1980.0,Los de la ley eran cinco.,0,0,0,0,0,1,0.0,0.0,0.0,0.0,0.0
Los Cadetes de Linares,Polvo Maldito,1980.0,El gobierno americano,0,0,0,0,0,1,0.0,0.0,0.0,0.0,0.0
Kartel De Las Calles,Las Calles Me Llaman,2006.0,Siempre he sido tiro al blanco pa'la pinche policía,2,0,0,0,0,2,0.0,0.0,0.0,0.0,0.0
Los Tucanes De Tijuana,El Metro,2007.0,cuando el era de gobierno,0,0,0,0,0,1,0.0,0.0,0.0,0.0,0.0
Los Cadetes de Linares,Jose Lopez,1980.0,Rival de la policía,0,0,0,0,0,1,0.0,0.0,0.0,0.0,0.0
Los Cadetes de Linares,Jose Lopez,1980.0,Llegaba la policía,0,0,0,0,0,1,0.0,0.0,0.0,0.0,0.0
Los Cadetes de Linares,Pistoleros Famosos,1980.0,Y uno que otro americano,0,0,0,0,0,1,0.0,0.0,0.0,0.0,0.0
Los Cadetes de Linares,Eleazar Del Fierro,1980.0,"Ya murió Eleazar Del Fierro, lo mató la policía",2,0,0,0,0,2,0.0,0.0,0.0,0.0,0.0
Ignacio Lopez Tarso,La Persecución De Villa,2007.0,se vistió de soldado americano,2,0,0,0,0,2,0.0,0.0,0.0,0.0,0.0
Pedro Infante,Jorge Negrete,2007.0,Te saludamos por ser de ley,0,0,0,0,0,0,0.0,0.0,0.0,0.0,0.0
Pedro Infante,Jorge Negrete,2007.0,Y te admiramos por ser de ley,0,0,0,0,0,0,0.0,0.0,0.0,0.0,0.0
Los Tigres Del Norte,Las Huellas Del Alacrán,2007.0,La ley le dijo al sujeto no tienes porque temblar,0,0,0,0,0,2,0.0,0.0,0.0,0.0,0.0
Los Tigres Del Norte,Las Huellas Del Alacrán,2007.0,Un dia lo atrapoo la ley lo tuvieron que soltar porque no dejo una huella ni siquiera capilar,0,0,0,0,0,1,0.0,0.0,0.0,0.0,0.0
Adan Cruz & Lc Padrino,Trece Remix,2020.0,"Danzamos con lobos y si no tira, león",0,0,0,0,0,0,0.0,0.0,0.0,0.0,0.0
Carlos Y Jose,Corrido De La Chicharra,1978.0,Y la ley de nuevo león,0,0,0,0,0,0,0.0,0.0,0.0,0.0,0.0
Carlos Y Jose,Corrido De La Chicharra,1978.0,Adiós ley de Tamaulipas,0,0,0,0,0,0,0.0,0.0,0.0,0.0,0.0
Los Tucanes De Tijuana,El Fantasma,2008.0,Ke se burle de su ley,0,0,0,0,0,0,0.0,0.0,0.0,0.0,0.0
Redimi2,Quién Contra Mí,2019.0,"Vivo por gracia, nunca por ley",0,0,0,0,0,0,0.0,0.0,0.0,0.0,0.0
Voz De Mando,El Macho y El Sangriento,2013.0,Guachitos y a federales,0,0,0,0,0,1,0.0,0.0,0.0,0.0,0.0
Voz De Mando,Maximo Nivel,2013.0,Lo mismo va pal gobierno si estan invadiendo,0,0,0,0,0,0,0.0,0.0,0.0,0.0,0.0
Chalino Sánchez,Fierro Bazan,2008.0,"al visitar a un amigo, lo aprendieron los federales",0,0,0,0,0,2,0.0,0.0,0.0,0.0,0.0
Chalino Sánchez,Fierro Bazan,2008.0,lo tenian prisionero por delitos federales,0,0,0,0,0,2,0.0,0.0,0.0,0.0,0.0
Los Cadetes De Linares,Hermanos Bocanegra,2008.0,"Lo que ante la ley, le pertenecía",0,0,1,0,0,1,0.0,0.0,0.0,0.0,0.0
Los Cadetes De Linares,La Fuga De Mazatlan,2008.0,Por que la ley donde quiera ahorita me anda buscando,0,0,0,0,0,1,0.0,0.0,0.0,0.0,0.0
Voz De Mando,Comandos del M.P. (500 Balazos),2013.0,Ya los del gobierno,0,0,0,0,0,1,0.0,0.0,0.0,0.0,0.0
Paulo Londra,Solo Pienso En Ti,2019.0,"Ahora viene el verano (yeah), te tira' una foto",0,0,0,0,0,0,0.0,0.0,0.0,0.0,0.0
Chalino Sánchez,Amador Garcia,2008.0,"para cobrarle la deuda, a esos falsos federales",0,0,0,0,0,1,0.0,0.0,0.0,0.0,0.0
Los Tucanes De Tijuana,El Charro De Culiacán,1996.0,Al gobierno americano,0,0,0,0,0,1,0.0,0.0,0.0,0.0,0.0
Los Tigres Del Norte,Contrabando Y Traicion,1988.0,La policía solo hallo,0,0,0,0,0,1,0.0,0.0,0.0,0.0,0.0
Los Tigres Del Norte,Un Hombre De Ley,2007.0,Porque soy hombre de buena ley,0,0,0,0,0,0,0.0,0.0,0.0,0.0,0.0
Los Tigres Del Norte,Un Hombre De Ley,2007.0,En los retenes de federales,0,2,0,0,0,2,0.0,0.0,0.0,0.0,0.0
Cartel De Santa,Mira Quien Vuelve Al 100,2006.0,Vas con la policía y presumías que eras un pinche malandro,0,0,0,0,0,1,0.0,0.0,0.0,0.0,0.0
Los Tucanes De Tijuana,Mas Vale Cholo,2007.0,La policía lo mira y lo saluda,0,0,0,0,0,1,0.0,0.0,0.0,0.0,0.0
Cartel De Santa,Si Son Bien Jotos ,2006.0,Le marcan a la chota y le dicen me pego Dharius,0,0,0,0,0,0,0.0,0.0,0.0,0.0,0.0
Cartel De Santa,México Lindo Y Bandido ,2006.0,"Te dejan en pelotas, te montan a la chota",0,0,0,0,0,0,0.0,0.0,0.0,0.0,0.0
Cartel De Santa,Hey Si Me Ven,2006.0,"Hey, si la ley me guacha por la calle dice: ""párate, wey""",0,0,0,0,0,0,0.0,0.0,0.0,0.0,0.0
Los Tucanes De Tijuana,Cris,2007.0,aun que la ley no lo quiera,0,0,0,0,0,2,0.0,0.0,0.0,0.0,0.0
Cartel De Santa,Conexión Vieja Escuela ,2006.0,Y de ley el pecador con con el tabacón,0,0,0,0,0,0,0.0,0.0,0.0,0.0,0.0
Cartel De Santa,Si Son Bien Jotos ,2006.0,Por si me tuercen los cuetes darles su mochada al chota,0,0,0,0,0,2,0.0,0.0,0.0,0.0,0.0
J Balvin,Arcoíris,2020.0,Ven pa' acá y rompamos la ley (-ey),0,0,0,0,0,0,0.0,0.0,0.0,0.0,0.0
J Balvin,Arcoíris,2020.0,Dame un poquito de tu e' le ley (wuu),0,0,0,0,0,0,0.0,0.0,0.0,0.0,0.0
J Balvin,Amarillo,2020.0,"La policía está molesta porque ya se puso buena la fiesta, pero",0,0,0,0,0,0,0.0,0.0,0.0,0.0,0.0
Los Tucanes De Tijuana,El Mz,2007.0,La ley quiere detenerlo,0,0,0,0,0,1,0.0,0.0,0.0,0.0,0.0
Los Tucanes De Tijuana,El Comando Negro,2007.0,La ley tiene su tarifa,0,0,0,0,0,2,0.0,0.0,0.0,0.0,0.0
Los Tucanes De Tijuana,El Comando Negro,2007.0,La ley se asusta y coopera,0,0,0,0,0,3,0.0,0.0,0.0,0.0,0.0
Los Tucanes De Tijuana,El Comando Negro,2007.0,Aunque el gobierno se aferra,0,0,0,0,0,2,0.0,0.0,0.0,0.0,0.0
Los Tigres Del Norte,El Gato Felix,2003.0,Al gobierno hizo temblar,0,0,0,0,0,3,0.0,0.0,0.0,0.0,0.0
Los Tigres Del Norte,R. Uno,2003.0,También muchos federales,0,0,0,0,0,1,0.0,0.0,0.0,0.0,0.0
Antonio Aguilar,Justicia A Villa,2003.0,Porque el gobierno lo reconoció,0,0,0,0,0,1,0.0,0.0,0.0,0.0,0.0
Antonio Aguilar,Valentín De La Sierra,2003.0,"Cuando por su mala suerte, calló Valentín en manos del gobierno",0,0,0,0,0,2,0.0,0.0,0.0,0.0,0.0
Los Tigres Del Norte,Morir Matando,2003.0,Yo soy un hombre de ley,0,0,0,0,0,0,0.0,0.0,0.0,0.0,0.0
Los Tigres Del Norte,Morir Matando,2003.0,Morir matando es la ley,3,0,0,0,0,0,0.0,0.0,0.0,0.0,0.0
Chalino Sánchez,Por Una Rencilla Vieja ,2006.0,"Y el general Camarena, era el brazo del Gobierno",0,0,0,0,0,2,0.0,0.0,0.0,0.0,0.0
Los Tucanes De Tijuana,El Diamante Negro,2007.0,ni los conrtas ni el gobierno,0,0,0,0,0,1,0.0,0.0,0.0,0.0,0.0
Joan Sebastian,Pancho Bigotes,1988.0,Los judiciales no le entran,0,0,0,0,0,2,0.0,0.0,0.0,0.0,0.0
Joan Sebastian,Pancho Bigotes,1988.0,Y que lo busca la ley,0,0,0,0,0,1,0.0,0.0,0.0,0.0,0.0
Los Tucanes De Tijuana,El Chemo Lopez,2007.0,"ahi varios federales al bajarse lo rodeaban,",2,0,0,0,0,2,0.0,0.0,0.0,0.0,0.0
Los Tucanes De Tijuana,Manuel Borgia (El Mexicano),2007.0,Esta en manos del gobierno,0,0,0,0,0,2,0.0,0.0,0.0,0.0,0.0
Los Tucanes De Tijuana,Manuel Borgia (El Mexicano),2007.0,El agente del gobierno,0,0,0,0,0,1,0.0,0.0,0.0,0.0,0.0
Los Tucanes De Tijuana,El Karis,2014.0,Tumbo varios del gobierno,0,0,0,0,0,3,0.0,0.0,0.0,0.0,0.0
Antonio Aguilar,Luis Pulido,2006.0,Pulido se tira un grito,0,0,0,0,0,0,0.0,0.0,0.0,0.0,0.0
Conjunto Primavera,La Celda 27 (En Vivo),2003.0,El gobierno de Durango,0,0,0,0,0,0,0.0,0.0,0.0,0.0,0.0
Los Tucanes De Tijuana,Sócias De La Mafia,2003.0,"Abrieron fuego de pronto, la ley no se lo esperaba",3,0,0,0,0,3,0.0,0.0,0.0,0.0,0.0
Los Tucanes De Tijuana,Sócias De La Mafia,2003.0,En el mero malecón las rodeo la policía,0,0,0,0,0,2,0.0,0.0,0.0,0.0,0.0
Los Tucanes De Tijuana,Soy De Durango,2003.0,La ley es de primitivo,0,0,0,0,0,0,0.0,0.0,0.0,0.0,0.0
Los Tucanes De Tijuana,De México Soy,2003.0,Yo soy mexicano de muy buena ley,0,0,0,0,0,0,0.0,0.0,0.0,0.0,0.0
Grupo Marrano,Por Tus Pujidos Nos Pescaron,2003.0,Frente a un chingo de judiciales,0,0,0,0,0,1,0.0,0.0,0.0,0.0,0.0
Los Tigres Del Norte,El Espinazo Del Diablo,2003.0,Jamás será del gobierno,0,0,0,0,0,1,0.0,0.0,0.0,0.0,0.0
Los Tigres Del Norte,El Espinazo Del Diablo,2003.0,Es propiedad del gobierno?,0,0,0,0,0,1,0.0,0.0,0.0,0.0,0.0
Los Tigres Del Norte,Me Siguen Llamando El Jefe,2014.0,El gobierno está al pendiente,0,0,0,0,0,1,0.0,0.0,0.0,0.0,0.0
Los Tigres Del Norte,César Chávez ,2014.0,Y a los miles llevaron la policía,0,0,0,0,0,0,0.0,0.0,0.0,0.0,0.0
Los Tigres Del Norte,César Chávez ,2014.0,Promulgar la ley agrícola valieron,0,0,0,0,0,0,0.0,0.0,0.0,0.0,0.0
Los Tucanes De Tijuana,El Más Bravo De Los Bravos,2014.0,Pregúntenselo al gobierno,0,0,0,0,0,1,0.0,0.0,0.0,0.0,0.0
Los Tucanes De Tijuana,"Julián Pérez (Tema De La Película ""Salvando Al Soldado Pérez"")",2014.0,Juan soldado americano,0,0,0,0,0,1,0.0,0.0,0.0,0.0,0.0
Alemán,Dealers,2020.0,"Puerco, chota, placa, siempre lejos de la policía",0,0,0,0,0,1,0.0,0.0,0.0,0.0,0.0
Los Invasores De Nuevo Leon,Rafael Caro Quintero,1988.0,Del gobierno americano,0,0,0,0,0,1,0.0,0.0,0.0,0.0,0.0
Los Invasores De Nuevo Leon,Rafael Caro Quintero,1988.0,Diez agentes federales,0,0,0,0,0,1,0.0,0.0,0.0,0.0,0.0
Los Invasores De Nuevo Leon,La Fuga De Reynosa,1988.0,Que representa a la ley,0,0,0,0,0,1,0.0,0.0,0.0,0.0,0.0
Los Invasores De Nuevo Leon,La Fuga De Reynosa,1988.0,Mataron dos judiciales,0,0,0,0,0,1,0.0,0.0,0.0,0.0,0.0
Los Tucanes De Tijuana,Comandante Metro 3,2014.0,Altos mandos del gobierno,0,0,0,0,0,1,0.0,0.0,0.0,0.0,0.0
Los Tucanes De Tijuana,Comandante Metro 3,2014.0,Lo respetaba el gobierno,0,0,0,0,0,1,0.0,0.0,0.0,0.0,0.0
Los Tucanes De Tijuana,Agente Del Gobierno,2014.0,Soy agente del gobierno,0,0,0,0,0,1,0.0,0.0,0.0,0.0,0.0
Los Tucanes De Tijuana,Gente Del Cartel,2014.0,y aunque me sigue la ley,0,0,0,0,0,1,0.0,0.0,0.0,0.0,0.0
C-Kan,Vivo La Vida Cantando,2014.0,Y la policía afuera me anda buscando,0,0,0,0,0,2,0.0,0.0,0.0,0.0,0.0
C-Kan,Vivo La Vida Cantando,2014.0,"Y la policía afuera me anda buscando, (¿Por qué?)",0,0,0,0,0,2,0.0,0.0,0.0,0.0,0.0
C-Kan,Vivo La Vida Cantando,2014.0,"Que la policía afuera me anda buscando, (¿Pero cuando?)",0,0,0,0,0,2,0.0,0.0,0.0,0.0,0.0
C-Kan,Vivo La Vida Cantando,2014.0,"que la policía afuera me anda buscando, (¿Por qué?)",0,0,0,0,0,2,0.0,0.0,0.0,0.0,0.0
"""El Piporro""",El Ojo De Vidrio,2002.0,Burlándose del gobierno,0,0,0,0,0,3,0.0,0.0,0.0,0.0,0.0
"""El Piporro""",Chulas Fronteras,2002.0,Ya estoy dentro de la ley,0,0,0,0,0,1,0.0,0.0,0.0,0.0,0.0
MC Davo,No Hablemos De Lana,2014.0,Todo el que me tira come de mi champiñon,0,0,0,0,0,0,0.0,0.0,0.0,0.0,0.0
MC Davo,No Hablemos De Lana,2014.0,Que me diga aquel rapero que me tira cuanto gana,0,0,0,0,0,0,0.0,0.0,0.0,0.0,0.0
Grupo Exterminador,Contrabando En Los Huevos,2014.0,"Soy de la ley, no lo olvides",0,0,0,0,0,0,0.0,0.0,0.0,0.0,0.0
Grupo Exterminador,Contrabando En Los Huevos,2014.0,Lo alcanzó la policía,2,0,0,0,0,2,0.0,0.0,0.0,0.0,0.0
Grupo Exterminador,La Carrera Del Año,2014.0,Un partido americano desde que en,0,0,0,0,0,0,0.0,0.0,0.0,0.0,0.0
Cartel De Santa,Para Aquí O Para Llevar,2002.0,Donde operacion triunfo los usa y los tira,0,0,0,0,0,0,0.0,0.0,0.0,0.0,0.0
Los Tucanes De Tijuana,El Centenario,1996.0,Lo persigue el gobierno gabacho,0,0,0,0,0,1,0.0,0.0,0.0,0.0,0.0
Peso Pluma,Mami,2024.0,Pues reportaron que cayó el gobierno,0,0,0,0,0,1,0.0,0.0,0.0,0.0,0.0
Alemán,Pinches Puercos,2018.0,A poco trae la maña de los putos federales,0,0,0,1,0,1,0.0,0.0,0.0,0.0,0.0
Alemán,Pinches Puercos,2018.0,"Apenas iba en la esquina y la puta chota me agarra, y yo",0,0,0,0,0,1,0.0,0.0,0.0,0.0,0.0
Alemán,Rucón,2018.0,Me gusta burlar las redes que tienen los federales,0,0,0,0,0,2,0.0,0.0,0.0,0.0,0.0
Alemán,Rucón,2018.0,Un chingo como tú que se tira' de felón,0,0,0,0,0,0,0.0,0.0,0.0,0.0,0.0
Pesado,El Rengo Del Gallo Giro,2008.0,Legítimo americano,0,0,0,0,0,0,0.0,0.0,0.0,0.0,0.0
Pesado,Gerardo Gonzalez,2008.0,Te vas de reynosa a lado americano,0,0,0,0,0,0,0.0,0.0,0.0,0.0,0.0
Valentin Elizalde,Pedro Avilez,2008.0,"Por el lado Americano,",0,0,0,0,0,0,0.0,0.0,0.0,0.0,0.0
Los Tucanes De Tijuana,Frontera Roja,1996.0,La ley con ellos copera,0,0,0,0,0,2,0.0,0.0,0.0,0.0,0.0
Los Tucanes De Tijuana,Frontera Roja,1996.0,La ley combate las drogas,0,0,0,0,0,2,0.0,0.0,0.0,0.0,0.0
Los Tucanes De Tijuana,Frontera Roja,1996.0,Judiciales y federales,0,0,0,0,0,1,0.0,0.0,0.0,0.0,0.0
Grupo Laberinto,Clave 7,1996.0,estaban 100 federales,0,0,0,0,0,1,0.0,0.0,0.0,0.0,0.0
Alemán,El Compa Ramiro,2018.0,Que le va a hablar a la chota,0,0,0,0,0,1,0.0,0.0,0.0,0.0,0.0
Beto Quintanilla,El Corrido de Los Mendoza,2000.0,Cuando lo pesco la ley con el cuerpo del delito,0,0,0,0,0,1,0.0,0.0,0.0,0.0,0.0
Los Tigres Del Norte,La Liebre,2002.0,el gobierno no te ayuda,0,0,0,0,0,0,0.0,0.0,0.0,0.0,0.0
C-Kan,Tirando Esquina,2014.0,"el gobierno te da hueso, porque come a tus constillas",0,0,0,0,0,0,0.0,0.0,0.0,0.0,0.0
C-Kan,Tirando Esquina,2014.0,"me tira la tira, la esquina de mi conecta",0,0,0,0,0,0,0.0,0.0,0.0,0.0,0.0
C-Kan,Viajando En Una Nube,2014.0,"gobierno encerrado y nosotros bien puestos,",0,0,0,0,0,0,0.0,0.0,0.0,0.0,0.0
C-Kan,Viajando En Una Nube,2014.0,"y los poquitos que no son tan puercos,",0,0,0,0,0,0,0.0,0.0,0.0,0.0,0.0
C-Kan,Viajando En Una Nube,2014.0,"de la policía que quiere verte en desgracia,",0,0,0,0,0,0,0.0,0.0,0.0,0.0,0.0
Junior H,Mente positiva,2020.0,"Ya prendio las luces, atrás viene un policía",1,0,0,0,0,2,0.0,0.0,0.0,0.0,0.0
Beto Quintanilla,El Jefe Belisario,2000.0,Comandantes federales,0,0,0,0,0,1,0.0,0.0,0.0,0.0,0.0
Beto Quintanilla,Juan Amaya,2000.0,y policía federal,0,0,0,0,0,1,0.0,0.0,0.0,0.0,0.0
C-Kan,Latinos Unidos,2014.0,Y a los cholos son los que persigue la chota,0,0,0,0,0,2,0.0,0.0,0.0,0.0,0.0
C-Kan,Latinos Unidos,2014.0,"Puercos vendidos, Coyotes bandidos",0,0,0,0,0,2,0.0,0.0,0.0,0.0,0.0
Los Cadetes De Linares,Traficantes,1998.0,y todos de buena ley,0,0,0,0,0,0,0.0,0.0,0.0,0.0,0.0
Grupo Exterminador,El Jefe de la Mafia,1998.0,También grandes del Gobierno,0,0,0,0,0,1,0.0,0.0,0.0,0.0,0.0
Chalino Sánchez,Eladio Felix,2002.0,Peleo con la policía,2,0,0,0,0,2,0.0,0.0,0.0,0.0,0.0
Los Tigres Del Norte,El Fin Del Mundo,2002.0,Pero no por que el gobierno,0,0,0,0,0,1,0.0,0.0,0.0,0.0,0.0
Los Tigres Del Norte,El Fin Del Mundo,2002.0,Quería burlar a la ley,0,0,0,0,0,2,0.0,0.0,0.0,0.0,0.0
Los Tucanes De Tijuana,El Jefazo,1998.0,Tal vez la ley no recuerde,0,0,0,0,0,1,0.0,0.0,0.0,0.0,0.0
Maluma,Ave María,2024.0,La tengo esposada en la cama como si fuera policía,0,0,0,0,0,0,0.0,0.0,0.0,0.0,0.0
Skool 77,Esperanza,2019.0,"En quien confiar hoy en día, me asusta la policía",0,0,0,0,0,0,0.0,0.0,0.0,0.0,0.0
Beto Quintanilla,Mauro Garcia,2000.0,Burlando a la policía,0,0,0,0,0,2,0.0,0.0,0.0,0.0,0.0
Beto Quintanilla,Mauro Garcia,2000.0,Andan unos federales,0,0,0,0,0,1,0.0,0.0,0.0,0.0,0.0
El As De La Sierra,Que Viva La Polvadera,2000.0,La ley nosotros la hacemos,0,0,0,2,0,3,0.0,0.0,0.0,0.0,0.0
Los Tucanes De Tijuana,El Jefazo,1998.0,A costillas de la ley,0,0,0,0,0,1,0.0,0.0,0.0,0.0,0.0
Los Tucanes De Tijuana,Caballeros Del Camino,1998.0,Arriba los federales,0,0,0,0,0,1,0.0,0.0,0.0,0.0,0.0
Chalino Sánchez,El Bandido Generoso,2002.0,El gobierno lo mató,3,0,0,0,0,3,0.0,0.0,0.0,0.0,0.0
Los Huracanes Del Norte,El Chipilon,1998.0,Ante la ley federal,0,0,0,0,0,1,0.0,0.0,0.0,0.0,0.0
Los Tucanes De Tijuana,Los Mas Buscados,1998.0,Por toda la policía,0,0,0,0,0,1,0.0,0.0,0.0,0.0,0.0
Los Tucanes De Tijuana,El Postre,1998.0,Los jefes tratan con jefes asi es la ley de la vida,0,0,0,2,0,0,0.0,0.0,0.0,0.0,0.0
Los Cadetes De Linares,Pedro y La Mafia,2000.0,"Y la ley esta desconcertada,",0,0,0,0,0,2,0.0,0.0,0.0,0.0,0.0
7 Notas 7 Colores,Les Gano A Todos,2000.0,tira pa' 'lante mi alma en la tele no echan ningun programa,0,0,0,0,0,0,0.0,0.0,0.0,0.0,0.0
7 Notas 7 Colores,"Hecho, Es Simple",2000.0,"Shh nene, esto tira así que espera, porque yo me voy ya, así que píllalo",0,0,0,0,0,0,0.0,0.0,0.0,0.0,0.0
El Poder Del Norte,El Pase De La Pantera,1998.0,Y poca la policía,0,0,0,0,0,1,0.0,0.0,0.0,0.0,0.0
Grupo Laberinto,Clave 7,1996.0,ninguna ley del gobierno,0,0,0,0,0,2,0.0,0.0,0.0,0.0,0.0
Sergio Vega,La Captura,2009.0,muertes todos eran del gobierno unos negros y otros,1,0,0,0,0,1,0.0,0.0,0.0,0.0,0.0
Sergio Vega,El Santo De La Palma,2009.0,"y el gobierno de esta tierra, conserve su camuflaje",0,0,0,0,0,1,0.0,0.0,0.0,0.0,0.0
Antonio Aguilar,Noviando En Lo Obscurito,2000.0,No hay ley que me prohíba,0,0,0,0,0,2,0.0,0.0,0.0,0.0,0.0
Antonio Aguilar,Noviando En Lo Obscurito,2000.0,De pronto un policía,0,0,0,0,0,1,0.0,0.0,0.0,0.0,0.0
La Arrolladora Banda El Limón De Rene Camacho,El Rengo,2009.0,Su clase era Yoni Yomper legitimo americano,0,0,0,0,0,0,0.0,0.0,0.0,0.0,0.0
Luis Y Julian,La Banda De Los Zurrones,2000.0,Soy policía natural,0,0,0,0,0,0,0.0,0.0,0.0,0.0,0.0
Antonio Aguilar,El Cantador,2000.0,Era de muy buena ley,0,0,0,0,0,0,0.0,0.0,0.0,0.0,0.0
Los Invasores De Nuevo Leon,Fui Judicial Federal,1998.0,"El gobierno de mi tierra,",0,0,0,0,0,0,0.0,0.0,0.0,0.0,0.0
Los Invasores De Nuevo Leon,Fui Judicial Federal,1998.0,"Al gobierno americano, con todo respeto,",0,0,0,0,0,1,0.0,0.0,0.0,0.0,0.0
Maluma,Ave María,2024.0,La tengo esposada еn la cama como si fuera policía,0,0,0,0,0,0,0.0,0.0,0.0,0.0,0.0
Chalino Sánchez,Aurelio Sanchez,1998.0,Con policia y judiciales,0,0,0,0,0,1,0.0,0.0,0.0,0.0,0.0
Carin León,J & A,2019.0,Que siempre tira de esquina,0,0,0,0,0,0,0.0,0.0,0.0,0.0,0.0
Sergio Vega,La Captura,2009.0,el gobierno lo buscaba por cielo mar y por tierra,0,0,0,0,0,2,0.0,0.0,0.0,0.0,0.0
Los Huracanes Del Norte,El Cuatro,2008.0,Tambien les cayo el Gobierno,0,0,0,0,0,2,0.0,0.0,0.0,0.0,0.0
Los Huracanes Del Norte,El Cuatro,2008.0,Un grupo de federales,0,0,0,0,0,1,0.0,0.0,0.0,0.0,0.0
7 Notas 7 Colores,Sube En Mi Nave Espacial,2000.0,"en mis historias federales, voy to cegao, panoja,",0,0,0,0,0,0,0.0,0.0,0.0,0.0,0.0
El Poder Del Norte,El Pase De La Pantera,1998.0,Ya peleamos con la ley,1,0,0,0,0,2,0.0,0.0,0.0,0.0,0.0
Skool 77,Esperanza,2019.0,Te roba el drogadicto o tal vez el policía,0,0,0,0,0,0,0.0,0.0,0.0,0.0,0.0
Los Cadetes De Linares,Julian del Real,2000.0,Rurales y Federales,0,0,0,0,0,1,0.0,0.0,0.0,0.0,0.0
Los Rieleros Del Norte,Tierra Sin Nombre,2000.0,"Donde la ley nada puede, contra el cariño de un hombre",0,0,0,0,0,0,0.0,0.0,0.0,0.0,0.0
Los Tucanes De Tijuana,Suerte Marcada,2008.0,Que hirieron los federales,2,0,0,0,0,2,0.0,0.0,0.0,0.0,0.0
Los Tucanes De Tijuana,Suerte Marcada,2008.0,"Narcos, también federales",0,0,0,1,0,1,0.0,0.0,0.0,0.0,0.0
Los Tucanes De Tijuana,El Corrido Del Chichi,2008.0,Que la ley siempre triunfara,0,0,0,0,0,1,0.0,0.0,0.0,0.0,0.0
Los Tucanes De Tijuana,El Corrido Del Chichi,2008.0,Los federales planearon,0,0,0,0,0,1,0.0,0.0,0.0,0.0,0.0
Los Tucanes De Tijuana,El Tesoro,2008.0,Trae al gobierno asustado,0,0,0,0,0,3,0.0,0.0,0.0,0.0,0.0
Los Tucanes De Tijuana,El Benefactor De Colima,2008.0,Si la ley lo respetaba ni modo que lo aprendieran.,0,0,0,0,0,3,0.0,0.0,0.0,0.0,0.0
Los Tucanes De Tijuana,Gerardo El Poderoso,2008.0,la ley va estar en reposo,0,0,0,0,0,3,0.0,0.0,0.0,0.0,0.0
Los Tucanes De Tijuana,Gerardo El Poderoso,2008.0,los federales temian,0,0,0,0,0,3,0.0,0.0,0.0,0.0,0.0
Los Tucanes De Tijuana,El Soldado Militar,2008.0,Se desertó del gobierno,0,0,0,0,0,3,0.0,0.0,0.0,0.0,0.0
Peso Pluma,Put Em In The Fridge,2024.0,Pregúntale al gobierno cuando vino,0,0,0,0,0,2,0.0,0.0,0.0,0.0,0.0
Millonario,Tío Rico,2019.0,El bigote de Juan Diego y La Flaca me cuidan de la policía,0,0,0,0,0,0,0.0,0.0,0.0,0.0,0.0
Grupo Exterminador,El Muchacho Y El Teniente,1997.0,Con dos impactos de bala caía herido el valiente pero volvió a disparar y callo muero el teniente llevo el polvo hasta Tijuana burlándose de la gente,3,0,0,0,0,2,0.0,0.0,0.0,0.0,1.0
El Komander,Emilio Quintero,2013.0,"Sele consedio su gusto a don Emilio quintero, lo enterraron con la banda le resaron una miza, dejo muy gratos recuerdos el faraon de babulica... Ya que baile con la flaca no lloren traigan la banda y me bailan mi caballo para remachar mi foza y me canta clave 7 con los Broncos de Reinoza...",0,0,0,0,0,0,0.0,1.0,0.0,0.0,0.0
El Komander,El Diablo,2013.0,"Amarramos con mi troca, con mi rifle sigo echando tiros,",2,2,0,0,0,0,0.0,1.0,0.0,0.0,0.0
Chalino Sánchez,Chico El Colorado,2012.0,Le salieron al camino del caballo se bajo con una super del 11 al panteon mando al sen or.,3,0,0,0,0,0,0.0,0.0,0.0,1.0,0.0
Los Tucanes De Tijuana,Clave Nueva,1996.0,Primo en el carro esta un kilo traigalo pa repartir,0,3,0,0,3,0,0.0,0.0,0.0,0.0,1.0
Grupo Exterminador,El Último Viaje,1997.0,Con 120 kilos de carga,0,3,0,0,0,0,0.0,0.0,0.0,0.0,1.0
Luis Y Julian,Numero 585,1985.0,"10 kilos de carga blanca, que los vayan a alcanzar",0,3,0,0,0,0,0.0,0.0,0.0,0.0,1.0
Alemán & DJ Phat,El Levantón ,2014.0,Y voy camino pa'l panteón en la troca del levantón,0,2,0,0,0,0,1.0,0.0,0.0,0.0,0.0
C-Kan,Latinos Unidos,2014.0,"Pistola and coca, Heroine and mota",1,0,0,0,1,0,1.0,0.0,0.0,0.0,0.0
Carin León,Tupido y Ancho,2019.0,Siempre carga el martillo en el clavo,0,0,0,0,0,0,0.0,1.0,0.0,0.0,0.0
Los Huracanes Del Norte,El Cugar Gris,1998.0,"Pues le encontraron el clavo, a la carga que llevaba...",0,2,0,0,0,0,0.0,1.0,0.0,0.0,0.0
Los Cadetes De Linares,Los Contrabandistas,1976.0,Con carga de marihuana,0,3,0,0,0,0,0.0,1.0,0.0,0.0,0.0
Dharius,Mota y Perico,2022.0,Mota y perico (puro producto nacional),0,0,0,0,1,0,0.0,1.0,0.0,0.0,0.0
Bad Bunny,Dtmf,2025.0,"Mi blanquita, perico, mi kilo",0,0,0,0,0,0,0.0,1.0,0.0,0.0,0.0
Adan Cruz,Volare,2015.0,"Me pagan con dólares pues orale yo no tengo un pedo carnal rolate tenemos al cabo el mejor sacate, se arma sin un pedo dinero árabe",1,0,2,0,0,0,1.0,0.0,0.0,0.0,0.0
Pesado,Laurita Garza,2024.0,ella lo mando llamar,0,0,0,0,0,0,0.0,0.0,0.0,1.0,0.0
Los Invasores De Nuevo Leon,Clave 7,2024.0,Yo no me fío de esa gente,0,0,0,0,0,0,0.0,0.0,0.0,1.0,0.0
Fuerza Regida,El Diablo,,Ya casi a diario llegan billetes,0,0,2,0,0,0,,,,,
C-Kan,Somos de Barrio,,"ni dinero me tengo que quedar conforme,",0,0,0,0,0,0,,,,,
Rich Vagos,90's Kid,,Diamantes en los arcillos,0,0,1,0,0,0,,,,,
Dharius,Polvo Blanco,,"Con más estilo que dinero, pero no me desespero",0,0,1,0,0,0,,,,,
Wisin,Control,,"El dinero, ah",0,0,1,0,0,0,,,,,
Chino Pacas,CHAMAQUITO,,"Y que sigan llegando las pacas, carnal",0,0,2,0,0,0,,,,,
Cartel De Santa,Para Aquí O Para Llevar,,Con ella los aplausos las grupis y el dinero,0,0,3,0,0,0,,,,,
Los Tigres Del Norte,El Reportero,,"Devaluaron la moneda, antes dólares cambiaron",0,0,0,0,0,0,,,,,
"Natanael Cano, Junior H, Dan Sanchez",Échele Un Ojo,,Puedes darte muchos lujos el torsal ya me refleja,0,0,2,0,0,0,,,,,
Chalino Sánchez,El Pitallon,,Las mujeres y la banda siempre han sido su pasion,0,0,2,0,0,0,,,,,
Los Tigres Del Norte,El Niño De La Calle ,,Quiero juntar un dinero aunque,0,0,1,0,0,0,,,,,
Chino Pacas,FLOTA,,"Y que sigan llegando las pacas, a la verga",0,0,2,0,0,0,,,,,
Fuerza Regida,TU SANCHO ,,"Diferentes mujeres de varios sabores, nomás no te me aloques",0,0,2,0,0,0,,,,,
Valentin Elizalde,Jesus Alvino Quintero,,"Empezo a empuñar dinero, tambien empuño la fama",0,0,3,0,0,0,,,,,
Natanael Cano,Yo Le Batallé ,,Descubrí que en las calles es donde está el dinero,0,0,2,0,0,0,,,,,
Los Tucanes De Tijuana,Armando Soto,,"Musica, vino y mujeres",0,0,2,0,0,0,,,,,
Los Tigres Del Norte,Viva Mi Sinaloa,,Con las mujeres soy complaciente,0,0,0,0,0,0,,,,,
Los Tigres Del Norte,Muerte Anunciada,,En 5 y 10 mil millones,0,0,1,0,0,0,,,,,
"Junior H, Peso Pluma",El Azul,,"Me enamoró el dinero, quiero, quiero y quiero más",0,0,3,0,0,0,,,,,
Chino Pacas,ZUMBANDO,,Que sigan llegando las pacas,0,0,1,0,0,0,,,,,
Rich Vagos,Lugar Correcto,,Por eso es que el dinero es tu mejor amigo for real,0,0,0,0,0,0,,,,,
Los Tucanes De Tijuana,Los Mas Buscados,,Se gasta mucho dinero,0,0,2,0,0,0,,,,,
Lalo Mora,Los Consejos De Mi Padre,,No es dinero ni cobrable,0,0,0,0,0,0,,,,,
Chino Pacas,NO ES UN JUEGO,,Quería dinero en la mano,0,0,1,0,0,0,,,,,
Alemán & Adán Cruz,Ya No Hay Cheve,,"Sigamos por que el tiempo es oro, oro pa' fumar",0,0,0,0,0,0,,,,,
Chino Pacas,SINIESTRO,,"Que sigan llegando las pacas, mi compa Alejandro",0,0,2,0,0,0,,,,,
El As De La Sierra,Alegre Y Mujeriego,,Vamos a Culiacán que aquí traigo dinero,0,1,1,0,0,0,,,,,
Calibre 50,El Camarada,,Y en eso está valuada mi riqueza,0,0,1,0,0,0,,,,,
Hood P.,No Cocos No Tallos,,¿Te gusta el dinero? Te daré un contrato,0,0,1,0,0,0,,,,,
Faruz Feet,Puro Corazón ,,Que el hip hop no es trofeo y no se hace por dinero,0,0,0,0,0,0,,,,,
Kartel De Las Calles,Las Calles Me Llaman,,Pero por el dinero hay que buscar otro camino,0,0,1,0,0,0,,,,,
Grupo Exterminador,El Muchacho Y El Teniente,,El nombre jamás se supo y aquel valiente muchacho cuentan que por Michoacán alegre se anda paseando gastando muchos billetes y otro viaje preparando,0,0,3,0,0,0,,,,,
Adan Cruz,Volare,,Tengo tanto amor al dinero,0,0,3,0,0,0,,,,,
Mike Diaz,Ser Galáctico ,,"Dioses, drogas, TV, sangre, escuela, oro, odio, ego, muerte",0,0,3,0,0,0,,,,,
Los Tigres Del Norte,El Hijo Menor,,"Gastar dinero en los hijos, no es una cuenta perdida",0,0,0,0,0,0,,,,,
Paulo Londra,Sigan Hablando De Mi,,"Ovy On The Drums y Kristo haciendo dinero (Oh, oh, oh)",0,0,0,0,0,0,,,,,
Grupo Exterminador,Me Encanta la Travesura ,,A mi me gusta el tequila que sale de los magueyes a mi no me ofrezcan agua que el agua es para los bueyes por eso traigo dinero pa darme vida de reyes,0,0,3,0,0,0,,,,,
Skool 77,Una Vida Al Gusto,,"mujeres y civiles, pueden matar la carne pero",0,0,0,0,0,0,,,,,
Chalino Sánchez,Eleazar Quintero,,Las mujeres los persiguen por su modo tan amable,0,0,0,0,0,0,,,,,
Los Tigres Del Norte,El Canelo,,¡Por darles tanto dinero!,0,0,1,0,0,0,,,,,
Alemán,La Pálida,,Los diamantes en el motor del carro (en el clavo),0,0,3,0,0,0,,,,,
Los Huracanes Del Norte,Clave 7,,"Yo no me fio de esa gente, que la deslumbra el dinero,",0,0,0,0,0,0,,,,,
Alemán,Mi Tío Snoop,,No te preocupes por esas mujeres (Jaja),0,0,0,0,0,0,,,,,
Alberto Vázquez,Corrido De Chihuahua,,"plata y oro del Parral,",0,0,1,0,0,0,,,,,
Pedro Infante,El Aventurero,,Vi mujeres a montones,0,0,1,0,0,0,,,,,
Los Tigres Del Norte,Carrera Contra La Muerte,,Te traigo mucho dinero,0,0,2,0,0,0,,,,,
Chalino Sánchez,Juventino Quintero,,paboniaba y cachas de oro muy bonito relumbraba,0,0,2,0,0,0,,,,,
Mike Diaz,Ser Galáctico ,,Fórrate de dinero,0,0,3,0,0,0,,,,,
Los Tucanes De Tijuana,Que Bonita Es La Parranda,,Porque no tenía dinero,0,0,0,0,0,0,,,,,
Ovi,Vengo De Nada,,Fiesta y mujeres pa' variar,0,0,1,0,0,0,,,,,
Carlos Y Jose,Gloria Reyes,,Y aveces con su dinero,0,0,1,0,0,0,,,,,
Antonio Aguilar,El Palenque,,Y si quieren les apuesto mi dinero,0,0,0,0,0,0,,,,,
Rich Vagos,Lo Logramos,,Tengo miles de billetes pa' poder gastar,0,0,2,0,0,0,,,,,
Los Cadetes De Linares,Nomas Las Mujeres Quedan,,Nomás las mujeres quedan,0,0,0,0,0,0,,,,,
Banda Sinaloense Los Recoditos,Los Mil Kilos,,Porque era mucho dinero,0,0,1,0,0,0,,,,,
Adan Cruz,Volare,,Buscando dolares busca implacable de liam nesson asi que fumas que aguantas ya vere un dap con varios gramos para que se ahogen y si las nuves se convierten en dolares me forjo el mejor porro que puedo y volare,0,0,0,0,0,0,,,,,
Dharius,Hago Lo Que Quiero,,"Las máquinas cuentan dinero, cuando hay que accionar",0,1,3,0,0,0,,,,,
Los Tucanes De Tijuana,Los Juniors,,Se apalabran con billetes,0,0,1,0,0,0,,,,,
Peso Pluma,Peso Completo,,El dinero se guarda en maleta',0,0,2,0,0,0,,,,,
"Sergio Vega ""El Shaka""",El Malandrin,,Son las mujeres bonitas,0,0,0,0,0,0,,,,,
Wisin,Intro - El Sobreviviente,,Me levanté con ganas de hacer dinero,0,0,0,0,0,0,,,,,
Valentin Elizalde,Nuestro Jale,,"En una iban los billetes, en otra quedó el broncón",0,0,0,0,0,0,,,,,
Los Huracanes Del Norte,La Yegua De Juan Acosta,,"Las apuestas eran grandes, volaba mucho dinero",0,0,2,0,0,0,,,,,
Chino Pacas,FLOTA,,Yo sin marcas causo suspiros si por ahí me ven,0,0,0,0,0,0,,,,,
Chino Pacas,GTO,,"Saludo pa'l trenes hasta Salamanca, me voy pa'l gabacho, me traigo las pacas",0,0,0,0,0,0,,,,,
Los Tigres Del Norte,La Liebre,,millones k no ha ganado,0,0,0,0,0,0,,,,,
Los Cadetes De Linares,Caballo De Pancho Villa,,Con cuatro pesuñas de oro,0,0,0,0,0,0,,,,,
C-Kan,Todo Lo Que Brilla No Es Oro,,Sentado con dinero una nueva era,0,0,0,0,0,0,,,,,
Grupo Exterminador,El Toro Grande,,Son dólares de los grandes,0,0,0,0,0,0,,,,,
Peso Pluma,Lady Gaga,,"Y unas' privadas en yate, tronamos las pacas",0,0,2,0,0,0,,,,,
Charles Ans,No Hay Palabras Bonitas ,,"Pero, se que el dinero no fue una razón",0,0,0,0,0,0,,,,,
Los Huracanes Del Norte,El Mocho Chavez,,"Levanto muchos billetes, en un palenque de Juárez",0,0,0,0,0,0,,,,,
Junior H,Hey CJ,,"Sus lujos siempre se da, ah ah ah",0,0,2,0,0,0,,,,,
Grupo Exterminador,El Dedo,,Ademas de unos billetes,0,0,1,0,0,0,,,,,
Tito Double P,La Bandolera,,"Un reloj con diamantes, traigo hasta en los dientes",0,0,3,0,0,0,,,,,
Chelo,Dos Gallinas Finas,,"Dos mujeres pelearon, pelearon",0,0,0,0,0,0,,,,,
C-Kan,Mujer Bonita,,"si me empezaras amar, para olvidarme de otras mujeres",0,0,0,0,0,0,,,,,
Los Tucanes De Tijuana,El Centenario,,Con la mafia se gana dinero,0,0,3,0,0,0,,,,,
Millonario & W. Corona,De La Calle Soy,,"Pa' parecerte a mí, te faltan millones",0,0,0,0,0,0,,,,,
Antonio Aguilar,El Perro Negro,,Hombre de mucho dinero,0,0,1,0,0,0,,,,,
Jenni Rivera,La Maestra Del Contrabando,,Tu pobreza mientras yo gane dinero digan,0,0,0,0,0,0,,,,,
Charles Ans,La Ultima Canción ,,Por sacarle el oro puro a lo que un día fue pelusa,0,0,0,0,0,0,,,,,
C-Kan,Esta Vida Me Encanta,,"después vino el dinero,",0,0,1,0,0,0,,,,,
Peso Pluma,Vino Tinto,,El plan A era generar billetes,0,0,1,0,0,0,,,,,
Calibre 50,El Burro,,Las mujeres han hablado,0,0,0,0,0,0,,,,,
Calo,Tercera Guerra,,No habrá vida ni dinero – no habrá nadie,0,0,0,0,0,0,,,,,
Sergio Vega Y Sus Shaka's Del Norte,Campos De Amapola,,los dólares patrocinan,0,0,2,0,0,0,,,,,
Mariel Mariel,La Mercancía,,"Tomo el dinero, no soy de fierro",0,0,2,0,0,0,,,,,
Los Tigres Del Norte,Gallo De Pelea,,Los gallos y las mujeres,0,0,1,0,0,0,,,,,
El As De La Sierra,El Periquero,,Y también esas mujeres,0,0,1,0,0,0,,,,,
Los Tigres Del Norte,El Circo,,Desaparecio el dinero,0,0,0,0,0,0,,,,,
Los Tucanes De Tijuana,Mi Tiendita,,y hoy me llega el dinero en costales,0,0,2,0,0,0,,,,,
Los Caminantes,El Potro Lobo Gateado,,A depositar el dinero,0,0,2,0,0,0,,,,,
Pesado,El Rengo Del Gallo Giro,,A reventar de dinero,0,0,2,0,0,0,,,,,
Bad Bunny,Estamos Bien,,Como narco contando billetes,0,0,2,0,0,0,,,,,
Chino Pacas,CONMIGO,,"Y que sigan llegando las pacas, mi amor",0,0,2,0,0,0,,,,,
Chalino Sánchez,Martin Felix,,"Siempre trae su copa de oro, la que siempre le ha gustado",0,0,2,0,0,0,,,,,
Los Huracanes Del Norte,Oro Verde,,"Con billetes se hacen sordos, y hasta en ciegos los convierto",0,0,3,0,0,3,,,,,
Alemán,Estilo y Flow,,Para hacer dinero hay mil maneras,0,0,1,0,0,0,,,,,
Los Cadetes De Linares,Corrido de los Perez,,"Perdieron vida y caballos, y perdieron su dinero",0,0,0,0,0,0,,,,,
Chalino Sánchez,El Corrido De Badiraguato,,Donde hay hombres muy valientes y sus mujeres divinas,0,0,0,0,0,0,,,,,
Los Tucanes De Tijuana,El Jabalí,,la judicial del estado 20mil dolares fueron,0,0,3,0,0,3,,,,,
Natanael Cano,Golpes De La Vida,,No vengo de una familia con mucho dinero,0,0,0,0,0,0,,,,,
Luis Y Julian,La Banda De Los Zurrones,,Por no decir que millones,0,0,1,0,0,0,,,,,
Junior H,El Chachito Anda Alegre,,"Así como llegan las pacas, se van",0,0,2,0,0,0,,,,,
Bad Bunny,Estamos Bien,,El dinero me llueve (Hey),0,0,0,0,0,0,,,,,
Cartel De Santa,Si Son Bien Jotos ,,Ando al puro pedo con billetes en la bolsa,0,0,2,0,0,0,,,,,
Natanael Cano,Toronto,,"Digital es el dinero, hey (yah)",0,0,1,0,0,0,,,,,
Beto Quintanilla,Mauro Garcia,,Y jugadas de dinero,0,0,1,0,0,0,,,,,
Los Tigres Del Norte,Mis Dos Patrias,,¿Qué haré ya viejo si me quitan mi dinero?,0,0,0,0,0,0,,,,,
Alemán,No Me Digas Na,,"Billetes bajos no portamos, sólo cien, yeah",0,0,2,0,0,0,,,,,
Alemán,Tumbados en la Trampa,,"La calle nos dio dinero, nos quitó lo que más queremos",0,0,3,0,0,0,,,,,
Natanael Cano, VLV,,El dinero es lo único verdadero,0,0,3,0,0,0,,,,,
Jenni Rivera,Jefa De Jefas,,"""Y ahy teva Benito Nava también las mujeres pueden! aunque",0,0,0,0,0,0,,,,,
Peso Pluma,Mami,,"Que sigan tronando las pacas, viejo",0,0,2,0,0,0,,,,,
Los Tucanes De Tijuana,Temporada En La Sierra,,Dólares se me revelan,0,0,1,0,0,0,,,,,
Fuerza Regida,chufulas,,"Otra vez ando pedo, chúfulas, dinero",0,0,1,0,1,0,,,,,
Daddy Yankee,Talento De Barrio,,"Una casa, más ropa, ver dinero",0,0,2,0,0,0,,,,,
Lorenzo De Monteclaro,Ayer Baje De La Sierra,,Si quieres ganar dinero,0,0,1,0,0,0,,,,,
El As De La Sierra,Alegre Y Mujeriego,,"Y que no se le olvide que las mujeres buenas se van al cielo, mi compa",0,0,0,0,0,0,,,,,
Antonio Aguilar,Domingo Corrales,,Pero las mujeres,0,0,0,0,0,0,,,,,
Calibre 50,Qué Tiene De Malo,,Qué me gasto mi dinero en lo que quiero y como quiero y que te importa,0,0,1,0,0,0,,,,,
Adan Cruz,Volare,,"El gallo es de oro me rallo ahorro pa que te lo presto ni pasas el porro, pasalo pasalo pasalo",0,0,0,0,1,0,,,,,
Colmillo NORTEÑO,CIEN POR UNO,,Yo respondo por el niño de oro,0,0,0,0,0,0,,,,,
Eme MalaFe,Monedita De Oro,,No soy monedita de oro,0,0,0,0,0,0,,,,,
Dharius,Ando Rolando,,Rodeado de mujeres bellas,0,0,2,0,0,0,,,,,
Grupo Laberinto,Clave 7,,20 millones era el precio,0,0,3,0,0,3,,,,,
Chino Pacas,HOY DE PERLAS,,"Compa Chino, que sigan llegando las pacas, viejón",0,0,2,0,0,0,,,,,
El As De La Sierra,Alegre Y Mujeriego,,Tener muchas mujeres me gusta mucho más,0,0,3,0,0,0,,,,,
Los Tigres Del Norte,Mujeres Divinas,,"Mujeres, oh mujeres tan divinas",0,0,0,0,0,0,,,,,
Alemán,Si Chuy,,"Billetes verdes, los voy a tener (ah)",0,0,2,0,0,0,,,,,
George Rhoads,Ando Al Ciego,,"Mucho o poco, ya no importa el dinero",0,0,0,0,0,0,,,,,
Tito Double P,La Bandolera,,Me amanezco gastando dinero,0,0,2,0,0,0,,,,,
Los Bukis,Las Holgazanas,,que las mujeres,0,0,0,0,0,0,,,,,
Rich Vagos,Dolla,,Riqueza en misivas contenidos en verso,0,0,0,0,0,0,,,,,
Chalino Sánchez,Prajedes Felix,,Trae una super segunda... con cachas de oro el señor,0,0,2,0,0,0,,,,,
Los Alegres De Teran,Juan Charrasqueado,,A las mujeres mas bonitas se llevaba,0,0,3,0,0,0,,,,,
Adan Cruz,Volare,,"Mis compás me dicen vuelale, correle por esos dolares, por esos dolares yo volare,",0,0,3,0,0,0,,,,,
Grupo Marrano,Cachondo Y Cochino,,"Era un chamaco tendón, le encantaba la puñeta, tenía la verga de en forma, de mango de bicicleta, jamás habiá cogido, jamás probó una panocha, hasta que llegó aquél día, que se topó aquella zorra, Paulino andaba cachondo y con dinero en la bolsa",0,0,0,0,0,0,,,,,
Natanael Cano,Lio,,Mi hermano de sangre me cuenta los billetes (yah),0,0,0,0,0,0,,,,,
Los Broncos De Reynosa,Clave 7,,"Veinte millones de pesos, era el precio de su cuero,",0,0,2,0,0,0,,,,,
Chino Pacas,LLEVARTE,,Brillan los diamantes y ahorita ya hasta veo el doble,0,0,0,0,0,0,,,,,
Grupo Exterminador,El Toro Grande,,Cachas de oro y tiro arriba,0,0,1,0,0,0,,,,,
Eme MalaFe,Oveja Negra 2,,Ver que por dinero humillen a la jefa,0,0,0,0,0,0,,,,,
Los Tucanes De Tijuana,Jaime González,,Te deja mucho dinero,0,0,1,0,0,0,,,,,
