artist,song,year,lustro,es_narco_fuerte,subgenero_ia,etiqueta_humana,lyrics
Antonio Aguilar,El Grano De Oro,1972,1970,1,6,1.0,"Yo le puse grano de oro
A mi caballo alazán
Era de mi fierro criollo
Era hermoso mi animal
Mas se lo di a Pancho Villa
En su santo allá en Parral

Pancho Villa le dio un grado
Le dio el grado de mayor
Cuando lo salvo en Celaya
De las balas de Obregón
Corrió con su carga en lomo
Hasta llegar a Torreón

El valor de Pancho Villa
Y las patas del corcel
Eran del ciclo norteño
Que llamaban lucifer
Pero era Francisco Villa
En su caballo más fiel

Una vez se lo robaron
Los huertistas en Parral
Mas el potro enfurecido
No dejo de reparar
Hasta quitarse al jinete
Regresando a su corral

Las metrallas enemigas
Y hasta uno que otro cañón
Los lanzaba Pancho Villa
En plena Revolución
Grano de Oro los jalaba
Relinchando de valor

Cuando mataron a Villa
En Hidalgo del Parral
En Canutillo el caballo
Lo esperaba en el corral
Murió con la silla puesta
Esperando al general"
Ignacio López Tarso,Despierten Ya Mexicanos,1972,1970,1,6,1.0,"Dispierten ya, mexicanos
Los que no han podido ver
Que andan derramando sangre por subir a otro al poder

Pobre nación mexicana
¡Qué mala ha sido tu suerte!
Tus hijos todavía quieren más en la desgracia verte

Mira a mi patria querida nomás cómo va quedando
Que a sus hombres más valientes todos los van traicionando
¿Dónde está el jefe Zapata que su espada ya no brilla?
¿Dónde está el braco del norte que era don Francisco Villa?

Estaban las tres pelonas sentadas en la ventana
La Cuca, la Petra, la loca de Soledad
Y luego llegó un soldado queriéndoselas llevar
Una decía que sí, la otra decía que no
Una decía que sí y al final se las llevó

Fueron líderes primeros que empuñaron el acero
Hasta subir al poder a Don Francisco y Madero
Pero qué iluso Madero, cuando subió al poder
A Pancho Villa y Zapata los quiso desconocer

Yo no he visto candidato que no sea convenenciero
Cuando suben al poder, ah, no conocen compañero
Zapata le dijo a Villa: ""ya perdimos el albur
Tú atacarás por el norte, yo atacaré por el sur""

Ya con esta me despido
Porque nosotros nos vamos
Aquí termina el corrido
Despierten ya mexicanos"
Carlos Y Jose,Gloria Reyes,1976,1975,1,12,1.0,"Voy a cantar un corrido
Con permiso de las leyes
Miren lo que a sucedido
En el rancho los magueyes
Mataron a José Alfredo
Y también a Gloria Reyes
El día primero de mayo
Por ahi platita la gente
Había una fiesta en el rancho
Que organizaba valente
De todo aquello era el dueño
Y de Gloria pretendiente
Gloria tenia su novio
José Alfredo se llamaba
Como era la mas bonita
Valente la cortejaba
Y aveces con su dinero
Hasta comprarla trataba
José Alfredo era valiente
Valente ya lo sabia
Como le tenia miedo
Mando traer la policía
Para que lo desarmaran
Y matarlo a sangre fría
Cuando Gloria se dio cuenta
Que a su novio desarmaron
Corrió a donde se encontraba
Cinco balazos sonaron
Y solo dieron al banco
Dos cuerpos atravesaron
Ya con esta me despido
No olviden lo de magueyes
Donde murió José Alfredo
Y su novia Gloria Reyes
Valente ya esta en la cárcel
Donde lo juzgan las leyes"
Los Cadetes De Linares,Polvo Maldito,1977,1975,1,5,1.0,"Por el Bravo y sus riveras
Cuanto corrido se ha escrito
Por Tamaulipas y Texas
Como hay hombres con delitos
Unos trafican la ""hierba""
Otros el polvo maldito.

Voy a cantarles un caso
Que en la historia va quedar
A un traficante famoso
Lo acaban de liquidar
Lo mato su propio hijo
Sin poderlo remediar.

En el condado de Hidalgo
Pago todos sus delitos
El gobierno americano
Mando sin saber a su hijo
A que fueran a aprenderlo
Los de la ley eran cinco.

Llegando al punto presiso
Y le marcaron el alto
Pero rendirse no quiso
Y alcanzo a matar a cuatro
Pero al conocer a su hijo
Subio las manos en alto.

No hubo tiempo de pensarlo
Aquel joven disparó
Y cuando iba a rematarlo
Ahi lo reconoció
De rodillas y llorando
Perdoname le grito.

¯Que quieres que te perdone?
Antes de morir le dijo
Anda a avisar a la corte
Que tu no tienes delito
Que el culpable de este crimen
A sido el polvo maldito."
Los Cadetes De Linares,Nomas Las Mujeres Quedan,1978,1975,1,12,1.0,"En un cañón de la sierra
Hay un rancho en el olvido
Se declararon la guerra
Hombres que vivían tranquilos
Nomás las mujeres quedan
Ellos murieron a tiros

Del lado norte los Pérez
Del lado sur los García
Por culpa de las mujeres
Que unos y otros pretendían
Poco a poco se acabaron
Aquellas dos dinastías

Las mujeres muy hermosas
Llegaban al matrimonio
Pero ahora andan enlutadas
Y es el triste testimonio
Que por esos andurreales
Anduvo suelto el demonio

Ya ni la milpa florece
El campo está abandonado
Ni la hierba mala crece
Y ha muerto todo el ganado
Y el rio según parece
También ya se está secando

Nomás las mujeres quedan
Y el odio las va matando
En el rostro siempre llevan
La huella que deja el llanto
De sus maridos se acuerdan
Llorando en el camposanto

Las mujeres muy hermosas
Llegaban al matrimonio
Pero ahora andan enlutadas
Y es el triste testimonio
Que por esos andurreales
Anduvo suelto el demonio"
Los Cadetes De Linares,Juan De La Fuente,1976,1975,1,5,1.0,"San Francisco se llama el poblado
Mi corrido es de allá exactamente
A mediados de abril se mataron
Luis Hernández y Juan De La Fuente

Luis se andaba raptando a Susana
La mujer más bonita del pueblo
Ella solo a su Juan adoraba
Sin querer fue la causa del duelo

Juan llego para ver a su amada
En aquellos precisos momentos
Reclamo a Luis la vil canallada
Diez minutos después era muerto

Se agarraron del cuello uno al otro
Se abrazaron, cayeron al suelo
En aquel callejos pedregoso
Se clavaron las dagas de acero

Juan traía su pistola fajada
Su cuchillo de acero y navaja
Como Luis no traía más que daga
Juan no quiso pelear con ventaja

De recuerdo hay dos cruces de encino
Y una novia bonita que llora
San Francisco volvió a ser testigo
De un amante con muchas historias"
Los Tigres Del Norte,La Banda Del Carro Rojo,1976,1975,1,8,1.0,"Dicen que venían del sur
En un carro colorado
Traían cien kilos de coca
Iban con rumbo a Chicago
Así lo dijo el soplón
Que los había denunciado

Ya habían pasado la aduana
La que está en El Paso, Texas
Pero en mero San Antonio
Los estaban esperando
Eran los rinches de Texas
Que comandan el condado

Una sirena lloraba
Un emigrante gritaba
""Que detuvieran el carro
Para que lo registraran
Y que no se resistieran
Porque si no los mataban""

Surge un M-16
Cuando iba rugiendo el aire
El faro de una patrulla
Se vio volar por el aire
Así empezó aquel combate
Donde fue aquella masacre

Decía, Lino Quintana
""Esto tenía que pasar
Mis compañeros han muerto
Ya no podrán declarar
Y yo lo siento, sheriff
Porque yo no sé cantar""

De los siete que murieron
Solo las cruces quedaron
Cuatro eran del carro rojo
Los otros tres del gobierno
Por ellos no se preocupen
Irán con Lino al infierno

Dicen que eran de El Candil
Otros que eran de El Altar
Hasta por ahí dicen muchos
Que procedían de El Parral
La verdad nunca se supo
Nadie los fue a reclamar"
Vicente Fernandez,El Arracadas,1978,1975,1,6,1.0,"Como la sombra de un fantasma por las noches
Cruzando montes, barrancos, y poblados
Va un hombre triste montado en su caballo
Su perro lo acompaña rastreando los sembrados

Todos se dicen por ahí viene el Arracada
Lleva patillas, chamarra de vaquero
Tejana negra y pantalón de cuero, con mirada tranquila
Buscando a algún cuatrero

'Voy a cumplir un juramento que es sagrado'
Cuando salió de su jacal, dijo a su madre
Voy a buscar a aquel traidor que allá en la loma
Cobardemente y sin piedad mató a mi padre

Unos rumores de plegaria se escucharon
Cuando una madre por su hijo pide al cielo
Luego un caballo se aleja relinchando
Y allá por la barranca sus pasos se perdieron

Y aquel traidor a quien buscaba el Arracada
Lo hallaron muerto colgado en un potrero
Mientras otro hombre, su perro y su caballo
Nunca jamás se han visto, perdió su paradero

Allá en lo obscuro de un jacal se oye un sollozo
Es de una madre que se encuentra abandonada
Le llora a un hombre que le escucha desde el cielo
Y a un hijo ausente del que no se sabe nada
Y a un hijo ausente del que no se sabe nada"
Los Broncos De Reynosa,Clave 7,1983,1980,1,12,1.0,"En el retén de la Loma, estaban 100 federales
Preguntando por Pedrito, también por Paulino Burgos,
Pero andaban despistados, le preguntaban a un mudo.

Clave 7 es la consigna, de agentes y de soldados,
Ese león ya crío melena, van a tener que matarlo,
Nomás no se arriesguen mucho,
Primero hay que traicionarlo.

En la ciudad de Hermosillo, hubo una concentración
También pusieron retenes, por todita la nación
Lo cierto es que los transportes, Pedrito los regaló.

Le mandaron 2 agentes, que le pidieran dinero,
Veinte millones de pesos, era el precio de su cuero,
Pero como era camuco, lo tomaron prisionero.

Junto con dos compañeros, además dos señoritas
Los llevaron a la Y griega, era la ultima cita,
Ahí los acribillaron, junto con las jovencitas.

Desde ese día inolvidable, no rola tanto dinero,
Y unos agentes traidores, ahora estrenan carro nuevo,
Y un hombre en Guadalajara, no duerme de puro miedo.

Adiós señor comandante, aquí lo llevo en mi lista
Usted me echó por delante, ahí lo espero en la revista
Ya que tumbo mi panal, ahora toree las avispas.

Mis armas no las entrego, van a quedar en el cerro,
Yo no me fío de esa gente, que la deslumbra el dinero,
Ya murió el León de la Sierra, vengan a quitarle el cuero.

Adiós todos mis amigos, del Valle de Culiacán,
Ninguna ley del gobierno, mi nombre podrá cambiar
Me llamo Pedro Avilés, no se les vaya a olvidar."
Los Broncos De Reynosa,Clave 7,1983,1980,1,12,1.0,"En el retén de la Loma, estaban 100 federales
Preguntando por Pedrito, también por Paulino Burgos,
Pero andaban despistados, le preguntaban a un mudo.

Clave 7 es la consigna, de agentes y de soldados,
Ese león ya crío melena, van a tener que matarlo,
Nomás no se arriesguen mucho,
Primero hay que traicionarlo.

En la ciudad de Hermosillo, hubo una concentración
También pusieron retenes, por todita la nación
Lo cierto es que los transportes, Pedrito los regaló.

Le mandaron 2 agentes, que le pidieran dinero,
Veinte millones de pesos, era el precio de su cuero,
Pero como era camuco, lo tomaron prisionero.

Junto con dos compañeros, además dos señoritas
Los llevaron a la Y griega, era la ultima cita,
Ahí los acribillaron, junto con las jovencitas.

Desde ese día inolvidable, no rola tanto dinero,
Y unos agentes traidores, ahora estrenan carro nuevo,
Y un hombre en Guadalajara, no duerme de puro miedo.

Adiós señor comandante, aquí lo llevo en mi lista
Usted me echó por delante, ahí lo espero en la revista
Ya que tumbo mi panal, ahora toree las avispas.

Mis armas no las entrego, van a quedar en el cerro,
Yo no me fío de esa gente, que la deslumbra el dinero,
Ya murió el León de la Sierra, vengan a quitarle el cuero.

Adiós todos mis amigos, del Valle de Culiacán,
Ninguna ley del gobierno, mi nombre podrá cambiar
Me llamo Pedro Avilés, no se les vaya a olvidar."
Los Cadetes de Linares,Dimas De Leon,1980,1980,1,12,1.0,"Un día 10 de Septiembre, de un domingo que paso,
En el puerto Matamoros, un velador lo mato

Dimas salió de Reynosa, en su carro preparado,
A visitar a su amante, así lo tenía pensado

Dimas y dos compañeros, en un cabaret tomaban
Como le tenían miedo, ya todos se preparaban

El velador temeroso, de que Dimas lo matara
Mando llamar los empleados, para que lo desarmaran

Primero Adán y El Cantú, la pistola le quitaron
Y también a Cayetano, que en le carro lo encontraron

A Dimas lo detuvieron, cuando este iba a intervenir
Por la espalda le pegaron, no lo dejaron salir

De pronto Miguel Balderas, su pistola disparo,
De dos balazos certeros, el cráneo le atravesó

Adiós Reynosa querido, orgullo de la frontera,
Donde Dimas se paseaba, con su pistola por fuera

Ya con esta ahí me despido, señores de esta región
Aquí termina el corrido, ya murió Dimas De León"
Los Cadetes de Linares,Descansa General,1984,1980,1,6,1.0,"Pasan los años, tú recuerdo esta en la historia
De Pancho Villa, que a su México dejó
Y en su memoria con orgullo lo decía
Acepto el reto, que la vida me marco

Fue Pancho Villa decidido y muy valiente
Y su grandeza lo llevo hasta General
Estuvo preso por delitos cometidos
Y allá en su celda, comenzaba a deletrear

Descansa General
Reposa gran tesoro
Por tus hazañas de oro
Mi México te amó

Autodidacto es el nombre que merece
Por ser valiente y que solo se formó
Vengo con gusto, la deshonra de su hermana
Y allá en sus tropas, 30 mil hombres mandó

Si ya no late, aquel pecho que gritaba
Porque rendido, un cobarde lo mato
Y que ganaron con cortarle la cabeza
Si su grandeza era de él, se la llevó"
Los Caminantes,Valentin De La Sierra,1984,1980,1,12,1.0,"Voy a cantar un corrido
De un amigo de mi tierra
Llamadose valentin que fue fusilado
Y colgado en la sierra

Ni me quisiera acordar
Era una tarde de invierno
Cuando por su mala suerte callo valentin
En manos del gobierno

El coronel le de decia
Cual es la gente que guias
Son ochocientos soldados
Que trae por la sierra mariano mejia

El coronel le pregunta
Cual es la gente que mandas
Son ochocientos soldados
Que tienen rodeada la hacienda de holanda

El general le decia
Yo te consedo el indulto
Pero me vas decir cual es el jurado
Y la causa que busco

Valentin como era hombre
De nada le dio razon
Yo soy de los meros hombres
Que an inventado la revolucion

Antes de llegar al cerro
Valentin quiso llorar
Madre mia de guadalupe
Por tu religion me van a matar

Vuela vuela palomita
Parate en aquel fortin
Estas son las mañanitas
De un hombre valiente que fue valentin"
Los Tigres Del Norte,Juan Guerrero,1983,1980,1,5,1.0,"Por esta esquina yo le dije a mi chatita
Que si me amaba que me diera su retrato
Ella me dijo para que si te amo tanto
Solo la muerte hoy nos puede separar

Nos abrazamos al llegar a los portales
Y en ese instante se escucharon tres balazos
Sus familiares la mataron en mis brazos
Porque juraron nuestro amor desbaratar

Como de rayo conteste con mi pistola
Matando cuatro y al cuñado de mi novia
Cuando llegaron policías de la montada
Ni echando bala me pudieron desarmar

Cuando a la buena presente declaraciones
Me preguntaron cuantas armas yo portaba
Les conteste que nada más reglamentaria
Dos cinturones con diez y ocho cargadores

Me preguntaron ¿Cuales son tus credenciales?
Ocupaciones y mi nombre verdadero
Llevo por nombre y apellido Juan Guerrero
Soy delegado de la unión de aserraderos

Comisionado de la agraria campesina
Llevo expropiadas cuatro haciendas gachuipinas
Me preguntaron ¿Cuántas veces has matado?
Y yo les dije cuantas veces me han buscado

Me dieron libre por legitima defensa
Y a mi pistola la respetan por influencias
Este corrido de un amor tan verdadero
Es de un amigo que se llama Juan Guerrero"
Carlos Y Jose,El Gallo De San Juan,1985,1985,1,5,1.0,"A Nuevo León fui a un palenque
Al pueblo de Cadereyta
Oí cantar un corrido
De Manuel Salcido Auzeta
Un gallo de ahí de San Juan
Que trae la navaja puesta

Manuel cayó en una trampa
Antes de que el sol saliera
Causa del amarrador
Él quedó tras de las rejas
Pero ya brinco las trancas
Sin molestar las compuertas

Con la navaja arrastrando
Se fue escribiendo unas letras
Diciendo a aquel que lo busque
Ya sabe con lo que cuenta
Que solo a Dios y al gobierno
Es lo único que respeta

Por ahí cuentan que ese gallo
Mucho antes que amaneciera
Lo miraron en la noche
Desde el cielo las estrellas
Que atravesó Tierra Blanca
Con rumbo fijo a la sierra

Ahí lo vieron por Sonora
Iba con rumbo a Nogales
Lo encontraron en Tijuana
Por Chihuahua y Ciudad Juárez
En busca del gallo negro
El que le mato a su padre

Por ahí cuentan los galleros
Que ese gallo es muy jugado
Azote allá en Sinaloa
Le pusieron por bragado
Amigo de los amigos
Y padre de los malvados"
Carlos Y Jose,El Gallo De San Juan,1985,1985,1,5,1.0,"A Nuevo León fui a un palenque
Al pueblo de Cadereyta
Oí cantar un corrido
De Manuel Salcido Auzeta
Un gallo de ahí de San Juan
Que trae la navaja puesta

Manuel cayó en una trampa
Antes de que el sol saliera
Causa del amarrador
Él quedó tras de las rejas
Pero ya brinco las trancas
Sin molestar las compuertas

Con la navaja arrastrando
Se fue escribiendo unas letras
Diciendo a aquel que lo busque
Ya sabe con lo que cuenta
Que solo a Dios y al gobierno
Es lo único que respeta

Por ahí cuentan que ese gallo
Mucho antes que amaneciera
Lo miraron en la noche
Desde el cielo las estrellas
Que atravesó Tierra Blanca
Con rumbo fijo a la sierra

Ahí lo vieron por Sonora
Iba con rumbo a Nogales
Lo encontraron en Tijuana
Por Chihuahua y Ciudad Juárez
En busca del gallo negro
El que le mato a su padre

Por ahí cuentan los galleros
Que ese gallo es muy jugado
Azote allá en Sinaloa
Le pusieron por bragado
Amigo de los amigos
Y padre de los malvados"
Lorenzo De Monteclaro,Contrabando Y Traicion,1988,1985,1,12,1.0,"Salierón de San Isidro
Procedentes de Tijuana
Traían las llantas del carro
Repletas de hierba mala
Eran Emilio Varela
Y Camelia, la Texana
Pasaron por San Clemente
Los paró la emigración
Les pidió sus documentos
Les dijó: ""¿De donde son?""
Ella era de San Antonio
Un hembra de corazón
Un hembra si quiere un hombre
Por el puede dar la vida
Pero hay que tener cuidado
Si esa hembra se siente herida
La traición y el contrabando
Son cosas incompartidas
A Los Angeles llegarón
A Hollywood se pasaron
En un callejón oscuro
Las cuatro llantas cambiarón
Ahí entregarón la hierba
Y ahí también les pagarón
Emilio dice a Camelia
""Hoy te das por despedida
Con la parte que te toca
Tu puedes rezar tu vida
Yo me voy para San Francisco
Con la dueña de mi vida""
Sonarón siete balazos
Camelia a Emilio mataba
En un callejón oscuro
Sin que se supiera nada
Del dinero y de Camelia
Nunca más se supo nada"
Los Broncos De Reynosa,Clave 7,1985,1985,1,12,1.0,"En el retén de la Loma, estaban 100 federales
Preguntando por Pedrito, también por Paulino Burgos,
Pero andaban despistados, le preguntaban a un mudo.

Clave 7 es la consigna, de agentes y de soldados,
Ese león ya crío melena, van a tener que matarlo,
Nomás no se arriesguen mucho,
Primero hay que traicionarlo.

En la ciudad de Hermosillo, hubo una concentración
También pusieron retenes, por todita la nación
Lo cierto es que los transportes, Pedrito los regaló.

Le mandaron 2 agentes, que le pidieran dinero,
Veinte millones de pesos, era el precio de su cuero,
Pero como era camuco, lo tomaron prisionero.

Junto con dos compañeros, además dos señoritas
Los llevaron a la Y griega, era la ultima cita,
Ahí los acribillaron, junto con las jovencitas.

Desde ese día inolvidable, no rola tanto dinero,
Y unos agentes traidores, ahora estrenan carro nuevo,
Y un hombre en Guadalajara, no duerme de puro miedo.

Adiós señor comandante, aquí lo llevo en mi lista
Usted me echó por delante, ahí lo espero en la revista
Ya que tumbo mi panal, ahora toree las avispas.

Mis armas no las entrego, van a quedar en el cerro,
Yo no me fío de esa gente, que la deslumbra el dinero,
Ya murió el León de la Sierra, vengan a quitarle el cuero.

Adiós todos mis amigos, del Valle de Culiacán,
Ninguna ley del gobierno, mi nombre podrá cambiar
Me llamo Pedro Avilés, no se les vaya a olvidar."
Los Tigres Del Norte,El Tahur,1988,1985,1,8,1.0,"Oye Martín
¿Qué pasó?
¿Nos echamos una manita de pokar?
Pues si pa' eso me andas buscando, vámosle entrando

Martín Estrada Contreras
Un tahúr profesional
Lo respetaba la gente
Porque jugaba legal
Era pa' todos, derecho
Sabía perder o ganar

Pero una joven hermosa
Le llegó al corazón
Él la convierte en su esposa
Ante el altar del Señor
Es para él una rosa
De su jardín, linda flor

Al pueblo llegó un fulano
Que a Martín vino a buscar
Pero Martín perdió todo
Ya no tenía qué apostar

Si quieres mirar mis cartas
Tienes que pagar por ver
Martín contesta sereno
Te apostaré mi mujer
Tenía una mano segura
Sabía que no iba a perder

Se destaparon cuatro ases
Se sintió Martín morir
Del juego así son las leyes
Hay que aprender a sufrír
Tenía un pokar de reyes
No había, ni qué discutir

Martín salió como un rayo
Y en dos horas regresó
Su esposa iba a su lado
Todo en silencio quedó

Pa' mí las deudas del juego
Son siempre deudas de honor
Te entrego lo que más quiero
Pero te la entrego muerta
Aunque me destroza el alma
De sentimiento y dolor

Se oyeron dos fogonazos
De dos balas expansivas
Primero mató a su amada
Después se quitó la vida"
Pedro Infante,Nacho Bernal,1988,1985,1,6,1.0,"Aah-ja-ja
¡Ahí viene Nacho Bernal!

Caramba yo soy tu rey
Mi caballo es el segundo
Ahora se hacen a mi ley
O los aparto del mundo

Yo no sé ni dónde iré
Ni cuál será mi destino
Me anda buscando la ley
Por toditos los caminos

Aah-ja-ja
¡Ahí anda Nacho Bernal!

Yo soy Ignacio Bernal
Que me piden vivo o muerto
Me andan queriendo asustar
Con el petate del muerto

Si el día se me ha de llegar
Así será mi destino
Y nunca Ignacio Bernal
Necesitó de padrino

¡Cuídate Nacho!
Aah-ja-ay

Cuando a la plaza llegó
Se amotinaba la gente
Gritando viva Bernal
Los hombres que son valientes

Alguien le corrió a avisar
""Bernal, ahí viene la tropa""
Aquí los voy a esperar
A ver de a cómo nos toca

Aah-ja-jay
¡Pobre Bernal, no se cuidó!

Cuando el gobierno llegó
Se le fueron como rayo
Matando a Ignacio Bernal
Y también a su caballo"
El As De La Sierra,El Rayo De Sinaloa,1997,1995,1,5,1.0,"Cantaba la flor de dalia, alegre estaba el mitote
Iban tendiendo la trampa, pa' cazar a Armando López
El que bajaba las naves por distintos horizontes

Le sobraban los amores, al Rayo de Sinaloa
No le faltaban billetes, al amo de soyotita
Apreciado por los grandes y el galán de las artistas

Oiga compadre Medina, no apagues tu celular
El domingo baja un ave en el desierto de altar
Allá te espero en Tijuana, lo vamos a celebrar

Ahí le va mi Sinaloa

Con diez balazos de súper terminaron aquel baile
El Rayito cayó herido, no se pudo remediar
Para disfrazar el crimen, lo echaron a un bulevar

El Rayo cayó en Tijuana a tiros lo asesinaron
Al padre le secuestraron, la perra andaba muy brava
Al otro hermano mataron, allá por Guadalajara

Medina carga una lista, la perra vuelve a ladrar
Por la muerte de los López, alguien tendrà que pagar
La muerte de esos valientes, Medina las va a cobrar"
El As De La Sierra,El Gallito Fugado,1997,1995,1,5,1.0,"voy a quitarme el sombrero
pa cantarle a un gran amigo
en Culiacán Sinaloa
nació esta gallito fino
septiembre 9 fue el día
63 fue testigo

su trayectoria es bravía
entre muerte y contrabando
diciembre 91
dos muertes a el le achacaron
mi compa se les fugo
y se fue pal otra lado

año del 95
cumplen orden de aprensión
a causa de un maldito dedo
villa lobos fue el soplon
el gobierno americano
arresta a este gran señor

lo extraditan a su tierra
a Sinaloa querido
en el penal de agua ruto
estuvo preso un amigo
no fuiste jaula pal gallo
6 meses duro cautivo

hoy anda libre el señor
como el venado en la sierra
se dedica al contra bando
por cielo mar y por tierra
de Culiacán a los Mochis
manda yerba ala frontera

con su super serie 70
la escuadra que lo acompaña
enamorado es el hombre
también le gusta jalar la banda
también al el as de la sierra
para completar la parranda

adiós rancho de Bacatá
de cósala Sinaloa
el día 9 de septiembre
se festeja con tambora
se despide un gran amigo
de Culiacán Sinaloa"
Grupo Exterminador,El Cartel De La Calle,1996,1995,1,0,1.0,"Soy el cartel de las calles
Y no me asusto de nada
Para hacer pacas de billetes
Yo no ocupo toneladas
Con un poco de perico
Ya traigo la bolsa hinchada

Yo me la paso en el carro
Recorriendo la ciudad
Con un beeper en la bolsa
Y también mi celular
No mas digan cuanta quieren
Y al instante la tendrán

Traigo una súper fajada
Más vale que me lo crean
No presumo de muy bravo
Yo le atoro a lo que sea
Por que si aquí no traes arma
Cualquier zorrillo te mea

Tengo muchas amistades
Que no me hacen quedar mal
Tengo las puertas abiertas
Porque yo no soy ojal
Del cielo le caen las hojas
Al que nace pà tamal

Cuando estaba prisionero
Ya de mi no se acordaban
Pero vieron que era gallo
Y que mi bolsa lloraba
Ahora me dicen pariente
Le tengo una carne asada

Soy el cartel de las calles
Y vénganse a cotorrear
Que perico es lo que sobra
Si no vamos a traer más
Que al cabo estas son las cosas
Que se hicieron pà gozar."
Los Huracanes Del Norte,El Gato De Chihuahua,1997,1995,1,5,1.0,"Hermano, cayó la ley
Está rodeada tu casa
Son puros nervios los tuyos
Porque yo no he visto nada
Así le dije a mi hermano
Para que hiciera confianza

Sabía que estaba rodeado
E interceptaban llamadas
No entraron pronto por mí
Para ver quién más llegaba
Pero se les durmió el gallo
Me pelé en la madrugada

Eran 15 hombres del DEA
Su misión era agarrarme
Soy más astuto que un gato
Eso pude comprobarles
Cuando ellos van yo ya vengo
También yo fui comandante

Al ver que nadie llegó
Dieron la orden para entrar
Cuando tumbaron las puertas
Caen federales pa'trás
Les coloqué unas granadas
En una forma especial

Todo fue una confusión
Por aquellas explosiones
La casa encendida en llamas
Parecía de día la noche
Para ese entonces yo andaba
En Ciudad Juárez, señores

No crean que es la primer vez
Que me les pelo en su cara
Me escapé de San Quintín
De Corcoran y otras jaulas
Los espero por la sierra
Soy el gato de Chihuahua"
Los Invasores De Nuevo Leon,Miguel Perez,1996,1995,1,0,1.0,"Veintidós años tenía, cuando a prueba lo pusieron
En Reynosa Tamaulipas, un cargamento le dieron
Y al ponerlo en California, su valor Reconocieron

Miguel así demostraba, que pal' hombre no hay edades
Con cariño recordaba los consejos de su padre
Que es todo lo que respeta, y a Dios que habrá de juzgarle

Tiene muchas cualidades: valor y muy buena suerte
También tiene mucha clase, no presume de valiente
Pero ni al diablo le teme, ni se le raja a la muerte

Su presencia se respeta, en Veracruz y Colombia
También en Guadalajara, en Texas y California
¿Será porque tiene fama, o por su gran trayectoria?

""La fama provoca envidia"", dice un dicho verdadero
Y muchos le tienen tirria, quisieran ponerle el dedo
Pero pagarlo tendrían, con el precio de su cuero

Tiene un amigo que estima, en tierras veracruzanas
Y de Víctor no se olvida, los dos son de sus confianzas
Miguel Pérez los saluda, desde las tierras texanas"
Los Tigres Del Norte,Contrabando Y Robo,1998,1995,1,12,1.0,"De Reinosa procedentes
Pasaron por el encino
Chequearon sus pasaportes
Y siguieron su camino
Llevaban unos paquetes
Houston era su destino

En los paquetes llevaban
20 kilos de la fina
Muy adentro la ocultaban
Del tanque de gasolina
Por eso la empaquetaban
En envolturas muy finas

De la mafia y el destino
Nunca nadie se ha escapado
El que anda por buen camino
No debe andar preocupado
Pero Ramiro y Fortino
La carga se habían robado

A Houston iban llegando
Los paró la emigración
Era el jefe de la banda
Con disfraz a perfección
Varios balazos se oyeron
Y los gritos de perdón

Volvió a su dueño la carga
Solo dos muertos quedaron
Aquí el que la hace, la paga
En Houston ya se enteraron
Los ha matado la mafia
Por eso nunca llegaron

De la mafia y el destino
Nunca nadie se ha escapado
El que anda por buen camino
No debe andar preocupado
Pero Ramiro y Fortino
La carga se habían robado"
Los Tucanes De Tijuana,El Pariente,1998,1995,1,0,1.0,"Quien lo ve, ni se imagina
En las broncas que se mete
Porque se ve muy tranquilo
Y ademas siempre sonriente
Los que lo conocen dicen
Que es de sangre de valientes.

De negocios, sabe mucho
Porque siempre ha trabajado
Pero siempre ha preferido
El oficio delicado,
Con sus primos y un compadre
Hoy controlan gran mercado.

El Pariente le ha nombrado
A la banda Del Pelon
Porque existe un parentesco
Muy cercano hacia El Señor
Ademas el nunca falla
Eso le ha dado control.

Todo marcha sobre ruedas
No se aguite licencado
Luego leecho otra llamada
Para ver lo de Chicago,
Lo de California y Texas,
Eso ya esta confirmado.

Las envidias no son buenas.
El Pariente siempre ha dicho
Para estar bien en la vida
Hay que trabajar masizo
Por experiencia lo digo
Tengo lo que necesito.

Los que tienen el reinado
Me tienen mucho cariño
Tal vez porque no he fallado,
Eso me ha favorecido,
Me pregunto si un dia fallo
¿Que sucederia conmigo?"
Los Tucanes De Tijuana,Juan Potenciano,1997,1995,1,12,1.0,"Año del 91
Mes de septiembre corría
Por la mañana del 20
Un hombre perdió la vida
Un asesino sin nombre
Le dio muerte a sangre fría

Amigos y familiares
Todos le guardamos luto
Allá en Jalisco y Tijuana
Todos lo apreciaban mucho
Porque siempre fue derecho
Nunca trabajó en lo sucio

No te merecías esto
Amigo Juan Potenciano
Eras un hombre muy bueno
A todos dabas la mano
Que Dios te tenga en la gloria
Nosotros no te olvidamos

Juan Potenciano era un hombre
Cien por ciento ganadero
Dondequiera lo miraban
De botas y de sombrero
Tenía amistades muy grandes
En todo México entero

También era muy alegre
La música le encantaba
Le tocaban Los Tucanes
Por dondequiera que andaba
También Los Incomparables
Y Banda El Chante sonaban

Ha muerto Juan Potenciano
Y sin saber el motivo
Pero recuerden, señores
El dicho tan conocido
Con la vara que tú midas
Con esa serás medido"
Antonio Aguilar,Valentín De La Sierra,2003,2000,1,12,1.0,"Voy a cantar un corrido de un amigo de mi tierra
Llamábase Valentín que fue fusilado, colgado en la sierra
No me quisiera acordar, era una tarde invierno
Cuando por su mala suerte, calló Valentín en manos del gobierno

El capitán le pregunta: ""¿cuál es la gente que mandas?""
Son ochocientos soldados que tienen sitiada la hacienda de Holanda

El coronel le decía: ""¿cuál es la gente que guías?""
Son ochocientos soldados que trae por la sierra, Mariano Mejía
El general le decía: ""yo te concedo el indulto""
""Pero me vas a decir cuál es el jurado, la causa que juzgo""

Valentín, como era hombre, de nada le dio razón
Yo soy de los meros hombres, de los que inventaron la revolución
Ay, ay-ay-ay, vivan los hombres, já

Antes de llegar al cerro, Valentín quiso llorar
Madre mía de Guadalupe, por tu religión, me van a matar
Vuela, vuela, palomita, párate en ese fortín
Estas son las mañanitas de un hombre valiente que fue Valentín"
Chalino Sánchez,Mariano Felix,2002,2000,1,12,1.0,"
Voy a cantarles señores
Una historia verdadera
De un hombre que fue mi amigo
Murió cerca a la frontera

En la ciudad de San Diego
Es muy triste recordar
El motivo de su muerte
No se a podido aclarar

Mariano Félix Perraza
De Sinaloa nacido
Mucha gente te recuerda
Por valiente y decidido
Fuiste preso de agua ruto
Por culpa de un homicidio

Al que le ponía la mano
Parado no lo dejaba
En el rancho de las flechas
Dejaste una cruz clavada

De Los Ángeles voló
Un avión particular
Con sus hermanos del alma
A mariano a sepultar

Por la Baja, California
Dejaste grande recuerdos
Por Sinaloa y California
Siempre te recordaremos

Vuela vuela palomita
Antes de que se haga tarde
Di que Mariano murió
En una forma cobarde
Adiós todos mis amigos
Mis hermanos y mis padres
"
Grupo Exterminador,Las Panteras,2003,2000,1,0,1.0,porq se visten de negro les apodan las panteras y les queda el nombresito en verdad son unas fieras no le temen al gobierno y se matan con cualquiera las panters tienen garras y muy filosos colmillos y como estas son humanas traen puro cuerno de chibo los las han enfrentado ninguno ha quedado vivo dicen q una es sinaluence de durango y michuakan tierra de contrabandistas ya se lo imaginaran tres panteras eyerbadas q bonito rujiraaan con un viper en la bolsa celular y unas troconas con pistola en la situra pues se ben retematonas cargan puras ran del ano y se miran muy perronas cuando les ponen retenes por toas las carreteras porq son muy peligrosas poreso la ley copera porq se mochan bonito con lo jefes las panteras son las reinas de la droga yerba goma y heroina tienen muy buenos contactos con la mafia de lachina mientras haiga compradores el trafiq no ternina
Grupo Exterminador,Las Monjitas,2003,2000,1,5,1.0,"Una troca salió de Durango
A las dos o tres de la mañana
Ah-ah, ja, ja, ja, ja, ja-ah
¡Viva México!

Una troca salió de Durango
A las dos o tres de la mañana
Dos muchachas muy chulas llevaban
Coca pura y también marihuana
Pero se disfrazaron de monjas
Pa poderlas llevar a Tijuana

Los retenes de la carretera
A las monjas no las revisaban
Tal vez era respeto al convento
Pero nunca se lo imaginaban
Que eran dos grandes contrabandistas
Que en sus barbas la droga pasaban

El agente que estaba de turno
En aquella inspección de Nogales
Por lo visto no era muy creyente
Y enseguida empezó a preguntarles
Qué de donde venían y qué traiban
Dijo el jefe de los federales

Muy serenas contestan las monjas
""Vamos rumbo de un orfanatorio
Y las cajas que ve usted en la troca
Son tesitos y lche de polvo
Destinados pa los huerfanitos
Y si usted no lo cree, pues ni modo""

Dijo el jefe de los federales
""Voy a hacer el chequeo de rutina
Yo les pido disculpa, hermanitas
Pero quiero sacarme la espina
Yo presiento que la leche en polvo
Ya se les convirtió en cocaína""

Con un gesto de burla el agente
Se arrimó y les dijo a las monjitas
""Yo lo siento por los huerfanitos
Ya no van a tomar su lechita
Ahora díganme cómo se llaman
Si no es mucha molestia, hermanitas""

Una dijo me llamo sor Juana
La otra dijo me llamo, ¡sorpresa!
Y se alzaron el hábito a un tiempo
Y sacaron unas metralletas
Y mataron a los federales
Y se fueron en su camioneta

En Durango se buscan dos monjas
Que ya no han regresado al convento
Y una cosa sí les aseguro
Que llegaron con el cargamento
Por ahí dicen que están muy pesadas
Y que viven allá en Sacramento

De Durango salieron dos monjas
A las dos o tres de la mañana"
Grupo Exterminador,El Cartel De La Calle,2003,2000,1,0,1.0,"Soy el cartel de las calles
Y no me asusto de nada
Para hacer pacas de billetes
Yo no ocupo toneladas
Con un poco de perico
Ya traigo la bolsa hinchada

Yo me la paso en el carro
Recorriendo la ciudad
Con un beeper en la bolsa
Y también mi celular
No mas digan cuanta quieren
Y al instante la tendrán

Traigo una súper fajada
Más vale que me lo crean
No presumo de muy bravo
Yo le atoro a lo que sea
Por que si aquí no traes arma
Cualquier zorrillo te mea

Tengo muchas amistades
Que no me hacen quedar mal
Tengo las puertas abiertas
Porque yo no soy ojal
Del cielo le caen las hojas
Al que nace pà tamal

Cuando estaba prisionero
Ya de mi no se acordaban
Pero vieron que era gallo
Y que mi bolsa lloraba
Ahora me dicen pariente
Le tengo una carne asada

Soy el cartel de las calles
Y vénganse a cotorrear
Que perico es lo que sobra
Si no vamos a traer más
Que al cabo estas son las cosas
Que se hicieron pà gozar."
Los Tigres Del Norte,La Paloma,2003,2000,1,5,1.0,"Aquí cayó la paloma
En la laguna de Nuzco
Porque no pudo bajar
En la pista de Acapulco
Un gavilán federal
Le venía siguiendo el rumbo

Tres toneladas y media
En su interior las llevaba
El plan de vuelo traía
A la unión americana
Pero cayó por Guerrero
Se le cansaron las alas

El gavilán federal
Por radio les avisaba
Que la mentaba paloma
Traía una cola pegada
Pues la siguió desde Chiapas
Ni modo que se escapara

La policía federal
La de caminos y puertos
Todo mundo interesado
Atrapar el cargamento
Unos se llevaron droga
Y otros muy buen ascenso

Por eso es que los carteles
No es una sola familia
Unos con otros se tiran
El dinero causa envidias
Luchan por los territorios
Y se pierden muchas vidas

Por eso es que las traiciones
Por la mafia son cobradas
No piensen que esto es un cuento
Si la gente está enterada
De lo que pasó en Vallarta
Y en las montañas de Iguala"
Los Tigres Del Norte,Contrabando Y Traicion,2003,2000,1,12,1.0,"Salieron de San Isidro
Procedentes de Tijuana
Traían las llantas del carro
Repletas
De hierba mala

Eran Emilio Varela
Y Camelia
La texana

Pasaron por San Clemente
Los paro la emigración
Les pidió sus documentos
Les dijo
""¿De dónde son?""

Ella era de San Antonio
Una hembra
De corazón

Una hembra si quiere un hombre
Por él puede dar la vida
Pero hay que tener cuidado
Si esa hembra
Se siente herida

La traición y el contrabando
Son cosas
Incompartidas

A Los Ángeles llegaron
A Hollywood se pasaron
En un callejón oscuro
Las cuatro
Llantas cambiaron

Ahí entregaron la hierba
Y ahí también
Les pagaron

Emilio dice a Camelia
""Hoy te das por despedida
Con la parte que te toca
Tú puedes
Rehacer tu vida

Yo me voy pa San Francisco
Con la dueña
De mi vida""

Sonaron siete balazos
Camelia a Emilio mataba
La policía solo hallo
Una pistola tirada

Del dinero y de Camelia
Nunca más
Se supo nada"
Los Tigres Del Norte,Arnulfo Gonzalez,2003,2000,1,12,1.0,"De Allende se devolvió, con 21 años cabales,
Gratos recuerdos dejo, al pueblo y a los rurales,

Estaba Arnulfo sentado, en eso pasa un rural
Le dice oye que me ves, la vista es muy natural

El rural muy enojado, en la cara le pego
Con su pistola en la mano, con la muerte lo amago

Arnulfo se levanto, llamándole la atención
Le dijo oiga no se vaya, falta mi contestación

Se agarraron a balazos, se agarraron frente a frente
Arnulfo, con su pistola, tres tiros le dio al teniente

El teniente mal herido, casi para agonizar,
Le dijo oiga no se vaya, acábeme de matar

Arnulfo se devolvió, a darle un tiro en la frente,
Pero en la vuelta que dio, ahí le pego el teniente

El teniente era muy hombre, las pruebas las había dado
Pero se encontró un gallito, ese no estaba jugado

Ya con esta me despido, pacíficos y rurales,
Aquí termina el corrido, del teniente y de González"
Antonio Aguilar,Que Me Entierren Con La Banda,2007,2005,1,6,1.0,"El día que yo me muera
Que me entierren con la banda
Que no me anden con lupitos
Que es purita propaganda

Mi vida es ser muy alegre
Siempre andando de caramba
Por eso quiero morirme
Paseándome con la banda

Al tranco de un buen caballo
Y al son de la balacera
Con diez cajas de cerveza
Y la joven que yo quiera

La vida se va mi'jo
Hay que gozarla, ajua

Me gusta rifar mi suerte
Y jugarme hasta la vida
Pa' curame las heridas
Con mi negra consentida

La noche siempre es bonita
Para empezar la parranda
Y amanecer por las calles
Paseándose con la banda

Al tranco de un buen caballo
Y al son de la balacera
Con diez cajas de cerveza
Y la joven que uno quiera

Ay amigo, la vida se va, hay que gozarla
¿Y qué mejor que a caballo con una mujer hermosa y la con la banda detrás?

Me gusta jalar la banda
Por todita la region
Me alegra tratar amigos
Que les sobre corazón

El muerto a la sepultura
Y el vivo a la travesura
La mujer que va creciendo
Que deje de ser criatura

Ya con está me despido
Amigos de la parranda
Y solamente les pido
Que me entierren con la banda"
Antonio Aguilar,El Hijo Desobediente,2007,2005,1,6,1.0,"Un domingo estando herrando
Se encontraron dos mancebos
Metiendo mano a sus fierros
Como queriendo pelear

Cuando se estaban peleando
Pues, llegó su padre de uno
Hijo de mi corazón
Ya no pelees con ninguno

Quítese de aquí, mi padre
Que estoy más bravo que un león
No vaya a sacar mi espada
Le traspase el corazón

Hijo de mi corazón
Por lo que acabas de hablar
Antes de que raye el sol
La vida te han de quitar

Lo que le encargo a mi padre
Que no me entierren sagrado
Que me entiere en tierra bruta
Donde me trille el ganado

Con una mano de fuera
Y un papel sobre dorado
Con un letrero que diga
""Felipe fue desgraciado""

El caballo colorado
Hace un año que nació
Ahí se lo dejo a mi padre
Por la crianza que me dio

De tres caballos que tengo
Ahí se los dejo a los pobres
Para siquiera digan
""Felipe Dios, te perdone""

Ay, ah-ah-ay, mamá
Adiós, adiós, adiós

Bajaron al toro prieto
Que nunca lo habían bajado
Pero, ahora sí, ya bajó
Revuelto con el ganado

Ya con esta me despido
Con la estrella del oriente
Esto le puede pasar
Al hijo desobediente"
Los Cuates De Sinaloa,Del Cielo Cayó una Rosa,2009,2005,1,0,1.0,"La ciudad se llama Duke
Nuevo Mexico el estado
Entre la gente mafiosa
su fama se a propagado
Causa de una nueva droga
que los gringos han creado

Dicen que es color azul
y que es pura calidad
Esa droga poderosa
que circula en la ciudad
Y los dueños de la plaza
no la pudieron parar

Tiene la plaza de Duke
El Tuco es face-a
Al Tuco le dieron pizo
Manejando su escalen
Un poco antes los gabachos
Quebraron al face-a

Anda caliente el cartel,
al respeto le faltaron
Hablan de un tal Heisenberg,
ke ahora controla el mercado
Nadie sabe nada de el,
por que nunca lo han mirado
El cartel es de respeto
y jamas a pardonado
Ese compa ya esta muerto
Nomas no le han avisado

(y asi suenan los cuates de sinaloa mi compa)

La fama de Heisenberg
Ya llego hasta michoacan
Desde alla quieren venir
A probar ese cristal
Ese material azul
Ya se hizo internacional

Ahora si le quedo bien
a Nuevo mexico el nombre
A mexico se parece
En tanta droga que esconde
Solo que hay un capo gringo
Por Heisenberg lo conocen

Anda caliente el cartel,
al respeto le faltaron
Hablan de un tal Heisenberg,
que ahora controla el Mercado
Nadie sabe nada de el,
por que nunca lo han mirado
A la furia del cartel
nadie jamas a escapado.
Ese compa ya esta muerto
Nomas no le han avisado"
C-Kan,Esta Vida Me Encanta,2012,2010,1,0,1.0,"Todo mundo piensa que,
llegar acá es fácil,
verdad Zimple,
simón carnal,
verdad Aero,
es que no saben pues,
yo recuerdo que,
de chamaquito primero,
fui pandillero,
luego rapero,
después vino el dinero,
y para ser sincero,
vengo de ceros,
nací en el ghetto,
nada espero,
pero.

Esta vida me encanta,
el chamaquito hoy vive de lo que canta,
andando en la calle la guerra no le espanta,
bajas y altas,
tengo lo que quiero y lucho por lo que me falta,
esta vida me encanta, me gusta,
la gente me juzga,
dicen que allá afuera los enemigos me buscan,
pero no se luzcan,
que nada se buscan,
yo vivo real sus amenazas no asustan.

Entopi pone play en mi carrera,
hoy tengo dinero mañana quizá me muera,
si brindo en el Estudio de grabación,
es por cada pendejo que se fue por la traición,
blo dela de la yesca,
el tequila, la fiesta,
el Rap malandro, las viejas y las apuestas,
muñeca fina gusta ponerme romántico,
mágico,
me complace y me pone simpático,
si me conoces ya sabes de que se trata,
saca,
que a Zimple ya no se le hace placa,
me gusta andar prendido entre puro pirata,
y ver como la competencia solita se desbarata.

Esta vida me encanta,
el chamaquito hoy vive de lo que canta,
andando en la calle la guerra no le espanta,
bajas y altas,
tengo lo que quiero y lucho por lo que me falta,
esta vida me encanta, me gusta,
la gente me juzga,
dicen que allá afuera los enemigos me buscan,
pero no se luzcan,
que nada se buscan,
yo vivo real sus amenazas no asustan.

Súbanle a la base y un pase vámonos recio,
la vida con mis home boys familia mi flow espeso,
ya no me expreso,
su hater se pone necio,
hacer Rap para ustedes deveras no tiene precio,
y es que no hablo de calle por esta rola,
la calle habla de mi cuando mi música controla,
no viene sola,
no ocupo sacar charola,
cada hater me conoce cuando trueno las consolas,
si es sencillo con el poder de mi garganta,
no aguanta,
ponerse al tiro porque en breve se atraganta,
Guanas y Tijuas estilo nunca no falta,
por esto y mucho mas es que esta vida me encanta.

Esta vida me encanta,
el chamaquito hoy vive de lo que canta,
andando en la calle la guerra no le espanta,
bajas y altas,
tengo lo que quiero y lucho por lo que me falta,
esta vida me encanta, me gusta,
la gente me juzga,
dicen que allá afuera los enemigos me buscan,
pero no se luzcan,
que nada se buscan,
yo vivo real sus amenazas no asustan.

De morro me preguntaron de grande que quería ser,
hoy con los huevos en la mano si un día volviera a nacer,
no dudaría,
rapero contestaría,
ni presidente ni juez mucho menos policía,
ya con Zimple he compartido riñas, foros y grilletes,
con spyder, perras, partys, plomos y billetes,
he moví la Lisa,
el ligue lo de la visa,
marca pa la base avisa,
que el Kan aterriza,
que ando en verguiza,
con el ojo rojo y risa,
en bisnes con el Hyde el del gran y en la repisa,
revisa,
la agenda rostizo todo el día,
yo de que chingados te voy a tener envidia.

Esta vida me encanta,
el chamaquito hoy vive de lo que canta,
andando en la calle la guerra no le espanta,
bajas y altas,
tengo lo que quiero y lucho por lo que me falta,
esta vida me encanta, me gusta,
la gente me juzga,
dicen que allá afuera los enemigos me buscan,
pero no se luzcan,
que nada se buscan,
yo vivo real sus amenazas no asustan.

Óyeme,
los números no hablan por si solos,
es mas,
ni hablan,
pero sirven para contar,
date cuenta,
los hechos lo demuestran todo como es,
ni los mas gavilanes saliendo del cascarón hacen daño,
hay cosas como la experiencia y el respeto que solo te la dan los años,
el ego está bajo el guarache que sigue bien puesto en el piso,
cada quien lo que merece Dios así lo quiso,
también dicen que,
Dios los hace,
la calle los cría,
solo se encuentra,
ubícate,
los Mobstas y el Satélite,
la humildad primero,
Don Aero,
antes persona que rapero,
así de simple,
siempre vienen,
mienten y se van,
yo aquí sigo, C-Kan."
Calibre 50,Plebada Alterada,2012,2010,1,0,1.0,"La plebada anda pisteando
Johnnie Walker y Buchanan's
Anda en los carros del año
Anda siempre en caravanas
Disfrutando de lo bueno
Porque la vida se acaba

Con mujeres muy hermosas
Se pasean por donde quiera
La vida hay que disfrutarse
Que al cabo mundo ahí te quedas
Hay que seguir la parranda
Mientras Dios nos la conceda

Cuerno y calibre 50
Con la pechera ajustada
Sacando cuentas ya llevo
Medio kilo de lavada
La plebada anda alterada
Trae bazucas y granadas

Que me toquen mis corridos
Y que traigan más cerveza
Borracho yo siempre he sido
Me gusta la vida recia
Lo que quieran les consigo
Ya me picaron la cresta

Si nos molesta la ley
Que vengan pa' acá conmigo
Aquí me arreglo con ellos
Fíjense lo que les digo
Para la ley son el rey
Y para ustedes su amigo

Cuerno y calibre 50
Con la pechera ajustada
Sacando cuentas ya llevo
Medio kilo de lavada
Con bazucas y granadas
La plebada anda alterada"
Chalino Sánchez,Ignacio Parra,2012,2010,1,6,1.0,"
Venía saliendo la luna
mi querida me esperaba
Me habían cueteado los verdes
en el real de Santa Clara
Pero traía un buen caballo
me le pelé a la cordada

Ahí pasé aquella noche
con la mujer que yo amaba
A las seis de la mañana
mi caballo relinchaba
Había venteado el peligro
la casa estaba sitiada

Yo le puse la montura
le subí un tiro a mi escuadra
Mi querida abrió la puerta
esperó que le ordenara
Con una nube de polvo
mi caballo me salvaba

Les descargué la pistola
eso lo hice de pasada
Y les tumbé tres rurales
y al jefe de la cordada
Me les perdí entre los cerros
subí a la ermita sagrada

Por la sierra de Durango
el gobierno me buscaba
Pero cambiaron de rumbo
pensando en una emboscada
Sabían que ahí andaba cerca
la gente de Ignacio Parra

Habíamos robado el pago
oro y un precipitado
En mulas lo trasladamos
a la ciudad de Camargo
Ahí mismo lo entregamos
a un gringo del otro lado

Adiós real de Santa Clara
Mapimilero y Durango
Donde se oían retumbar
los cascos de mi caballo
Adiós mi rancho bonito
Pánuco de Coronado
"
Chalino Sánchez,Prajedes Felix,2012,2010,1,0,1.0,"Por el filo de la sierra
Bonitos se ven los pinos
Con su silbido le cantan
El corrido a un gallo fino
Quiere escucharlo con vida...
Tomando un trago de vino

Nacido a ya en Chapotán
Después vivió en Aguablanca
Entre pura gente brava
Entre escuadras y la banda
Praxedes Felix se llama no cuales quiera lo ablanda

El día 21 de julio del año 49
Sus padres llenos de gozo
Porque naciera Praxedes
Nació en cuna muy humilde...
De adobe eran las paredes...

Anduvo de pistolero porque
Quería progresar... bajo el fuego de metralla
Siempre se pudo salvar anduvo en muchas
Hazañas que nunca podrá olvidar...

Ahora vive en California
Trabajando con honor
Se retiró de todo eso, pero le sobra valor
Trae una super segunda... con cachas de oro el señor

Enamorado lo ha sido se llevó varias mujeres
Siempre anda muy bien tratado
Mi buen amigo Praxedes, cuidense muy bien pollitas...
De caer entre sus redes...
Con cariño me despido, cantándole a un gran amigo
Por las buenas muy sincero, como un diablo de enemigo
Ay unas cruces clavadas...
Que me sirven de testigo..."
Chalino Sánchez,Armando Aguirre,2012,2010,1,0,1.0,"Tengo un contrato firmado
desde que vine a este mundo
no le pusimos la fecha
por eso es que vivo a gusto
el mundo da muchas vueltas
y yo de nada me asusto

Con la muerte por un lado
todo el tiempo me paseo
no me gusta presumir
pero no me miren feo
ay traigo un cuerno de chivo
no lo tengo de trofeo

Armando Aguirre se llama
aduanal de profesión
en la sultana del norte
de Monterrey Nuevo León
reconocido lo tienen
pues le sobra corazón

El comandante Espinoza
y tambien toda su jente
siempre se sienten tranquilos
cuando Armando va en el frente
porque cuenta con lo suyo
es bravo y inteligente

Le gusta la vida recia
las mujeres y el dinero
Armando Aguirre lo dice
me gusta ser el primero
yo por mi compa derigo
me dejo ir a un voladero

Adiós ciudad de Nogales
de ti me estoy despidiendo
de Monterrey nuevo León
yo guardo un fino recuerdo
recuerden que Armando Aguirre
nunca lo hallaran durmiendo."
Los Tucanes De Tijuana,El Más Bravo De Los Bravos,2014,2010,1,0,1.0,"Zumbando por el estado
Y armados con metralletas
En puros carros blindados
Y a la orden de tres letras
Así anda por todos lados
El comando del muletas

Un hombre muy peligroso
Que no le teme ni al diablo
Sonriendo, jala el gatillo
Disfruta de su trabajo
Y siempre les dice a todos:
""Yo soy hombre, no payaso""

Agallas tiene de sobra
Por eso subió de grado
Levanta, ejecuta y cobra
Al que no esté apalabrado
Son órdenes de la maña
Culebras, tengan cuidado
Raydel López no perdona
Nació demasiado bravo

Los guachos cargan su foto
Lo buscan por todos lados
También los güeros pecosos
Andan muy desesperados
A todos los trae nerviosos
Por tantos ejecutados

Su nombre ya se lo saben
Su apodo es más conocido
Es del cártel de Tijuana
Muletas, cómo has crecido
Las leyes no te hacen nada
Te tienen pavor, mi amigo

Trae un calibre .50
En su trocona blindada
También su fiel R-15
Chanate lanzagranadas
Vestido al estilo Rambo
Con dos rayas en la cara

Nació para echar balazos
Está más que comprobado
Pregúntenselo al gobierno
Y a los que lo han provocado
Con su propio puño y letra
Les escribe los recados
Raydel López, ""el Muletas""
El más bravo de los bravos"
Los Tucanes De Tijuana,"El Shaka (Tema de la Serie de TV ""El Shaka"")",2014,2010,1,0,1.0,"Dos hermanos eran muy unidos
Pero luego cambiaron las cosas
El hermano mayor quedó herido
Le quisieron dar muerte los contras
Le pegaron un tiro en la iglesia
Seguía vivo, pero estaba en coma

El hermano menor, de inmediato
A los contrarios les hizo frente
No tardó en darles a todos p'abajo
Apoyado por su propia gente
El respeto se ganó el muchacho
Rescatando al cartel en caliente

Empezaron a llamarle Chaca
Tal como le decían a su hermano
Malvadillo sacaba a la caza
Su valor quedó bien comprobado
Poderoso dentro de la mafia
Hombre, de veras, muy respetado
Sinaloense, por cierto, mi raza
Con razón es gallito jugado

El hermano mayor, de repente
Despertó y pronto se puso al tiro
Y al retomar las riendas del cartel
Se dio cuenta que lo habían suplido
La sorpresa fue bastante grande
Su hermanito era ya el efectivo

Los problemas llegaron a casa
Los hermanos ya se dividieron
Cada quien trae un montón de raza
Disputándose el mismo terreno
Hasta dónde han llegado las cosas
Todo por el maldito dinero

La avaricia, el poder y la envidia
Son carnadas de grandes problemas
Se corrompen las grandes familias
La traición a cualquiera envenena
Se pondrán los hermanos las pilas
O seguirán al grito de guerra
Volverán a juntarse algún día
O se irán a morir en la quema"
Alemán,Rucón,2018,2015,1,9,1.0,"Hey, hey, hey
(He-he-hey, hey, hey, hey)
(Come on now, come on now)

Traigo a la clika bien prendida en la Toyota
Todos andamos pelones y siempre fumando mota
Ahora pues, ándale, no te me pases de idiota
Ahora pues, ándale, llámale a tu flota, yo'

Tengo unos carnales que te tumban el cantón
Yo no fui, no sé quién ande, qué rapapón
Un chingo como tú que se tira' de felón
Esto es cien por ciento México, nomás wacha el rucón

Con cadena diamantada que hace juego con su esclava
Siempre carga la alabada al millón el rucón
Su gente ahí estaba, todos lanzan la tejana
Fumando la marihuana, pura kush en su joint

No quedan ni bachas, de oro repleta la cacha
Con las más bellas muchachas, al ruco siempre lo wachan
Y saca las caguamas y jala a la banda
Con juegos no se anda, ya saben aquí quién manda, porque

Traemos a la clika bien prendida en la Toyota
Todos andamos pelones y siempre fumando mota
Ahora pues, ándale, no te me pases de idiota
Ahora pues, ándale, llámale a tu flota, yo'

Tengo unos carnales que te tumban el cantón
Yo no fui, no sé quién ande, qué rapapón
Un chingo como tú que se tira' de felón
Esto es cien por ciento México, nomás wacha el rucón

La fiesta no se acaba, se escuchan armas cortadas
Y algunas son detonadas a la voz del rucón
La banda no para, bolsitas de las más caras
Bien entumida la cara, nunca llega el malillón

El ruco es de familia y mafia como en Sicilia
Versace siempre cepilla, los haters llenos de envidia
No creen en eso de la Biblia con botas y cocaína
Hey, hey

Me gusta andar por la sierra, crecí entre los matorrales
Y aprendí a sacar las cuentas nomás con tantos costales
Me gusta burlar las redes que tienen los federales

No queda ni bachas, de oro repleta la cancha
Con las más bellas muchachas, al ruco siempre lo wachan
Y saca las caguamas y jala a la banda con juegos
No se anda, ya saben aquí quién manda, porque

Traemos a la clika bien prendida en la Toyota
Todos andamos pelones y siempre fumando mota
Ahora pues, ándale, no te me pases de idiota
Ahora pues, ándale, llámale a tu flota

Tengo unos carnales que te tumban el cantón
Yo no fui, no sé quién ande, qué rapapón
Un chingo como tú que se tira' de felón
Esto es cien por ciento México, nomás wacha el rucón"
Alemán,Astro 1,2018,2015,1,9,1.0,"Yeah
Estás escuchando 69.69 FM
Y antes de irnos con esta bonita melodía
Recuerden que ya es hora que todos los niños se vayan a la cama
Y que todos los locos y las locas salgan a la calle
¿Saben por qué? Porque la noche cayó

¡Y la noche cayó! empieza la locura y se rola otro gallo
Traigo en la cintura la potencia de un reloj
El que acabará esta puta noche qué sé yo
¿Qué se yo?

¡Y la noche cayó! empieza la locura y se rola otro gallo
Traigo en la cintura la potencia de un reloj
El que acabará esta puta noche qué sé yo
¿Qué se yo?

Mi barrio se pone fiera si es noche de luna llena
Como un hombre lobo, más si estamos en quincena
Unos se fueron por la piedra, otros se fueron por la arena
Yo me fui para el universo y la gloria eterna

Allá bien arriba, elevándote
Cerca de la luna y sus cráteres
Lo pido portuna pa' mis cómplices
Que no quepa dura, quien controla es él

No te he visto por aquí, no te quiero ni ver
Aquí se vive el día, pero la noche es nuestra, wey
Ganamos como siempre, seguimos siendo el rey
Haciendo las cosas bien, esperando el play day

Blunt, blunt, orquesta de balas cuando suena el blunt, blunt
Loco, si gastas siempre con el blunt, blunt
El ruido del barrio siempre ha sido blunt, blunt, blunt, blunt

Blunt, blunt, orquesta de balas cuando suena el blunt, blunt
Loco, si gastas siempre con el blunt, blunt
El ruido del barrio siempre ha sido blunt, blunt, blunt, blunt

Aquí es de noche, la luna ya cayó
Borrachos, coco, marihuanos traen escándalo
Desde el estado de Mex. hasta San Loco
Van prendidos en la ranfla con este rolón, ah (yeah)

La luna brilla y los lobos salen
Unos a alocarse, otros solamente a pegarle
Morros en la esquina reventando mota, piedra y parce
Así son las noches y los días en este valle

La luna brilla, está sobre el The Miss
Siento su energía como se eleva mi ki
No, estoy bromeando kid
En verdad lo que me eleva son los humos del kid

La noche cae, tentaciones y demonios trae
Todo consecuencia de una mente criminal
Balaceras dejan muertos, siempre hay salto rojo
La luna fue testigo, pero no da testimonio

¡Y la noche cayó! empieza la locura y se rola otro gallo
Tengo en la cintura la potencia de un reloj
El que acabará esta puta noche qué sé yo
¿Qué se yo?

¡Y la noche cayó! empieza la locura y se rola otro gallo
Traigo en la cintura la potencia de un reloj
El que acabará esta puta noche qué sé yo
¿Qué se yo?

Blunt, blunt, orquesta de balas cuando suena el blunt, blunt
Loco, si gastas siempre con el blunt, blunt
El ruido del barrio siempre ha sido blunt, blunt, blunt, blunt

Blunt, blunt, orquesta de balas cuando suena el blunt, blunt
Loco, si gastas siempre con el blunt, blunt
El ruido del barrio siempre ha sido blunt, blunt, blunt, blunt

Interrumpimos la trasmisión de radio ""Eclipse""
Porque tenemos noticias de último momento, adelante"
Alemán & Adán Cruz,Ondeados,2018,2015,1,9,1.0,"Veo en ambos lados ámbar
No dejo a mis parpados descansar
Haciendo rap a toda hora
Con mis compas rolando la chora
Es OG

Saca el gas, ponlo aquí
Calienta esa pipa ahora
Pon el dab, dame un hit
Mientras rolas esa flora
Otra navidad fuera de casa
Otro año sin disfraz en Halloween

Saca el gas, ponlo aquí
Calienta esa pipa ahora
Pon el dab, dame un hit
Mientras rolas esa flora
Otra navidad fuera de casa
Otro año sin disfraz en Halloween

No fue nadie, solamente fue Alemán
El que no se dio por vencido, el ejemplo dio mamá
Me dijo disfruta y ya, que al que abona aveces vive
Mijo me la pelan tus siquiños te lo dije

Por poquito y casi me quiebro
Pero soy un perro afortunado por eso celebro
Me fumo lo que siembro, soy rico por ser miembro
De una familia humilde y unida, me entiendes negro

Compas hombro con hombro, lealtad de sobra morro
Bien puestas las reglas, para la derecha corre el porro
Actitud de campeón del noro, cabos san locos condecoro
Lo extraño, pero no lloro, luego regresaré bañado en oro

Para los míos y la gente que adoro
Aunque sé muy bien que les vale gorro
Que si tengo o no tengo dinero
Por ustedes me pego el tiro y no corro
Toda mi clica me acompaña en el coro
Bola de perros, pericos y loros
Puro alucín en mi ruido sonoro
Ando borracho y no lloro

No cuestiono, yo pesco la lección aunque me pese
Y voy de frente aunque me cueste
Y lleguen prejuicios, no empecemos, tenemos OG de mango
A los vicios que bien me ato

Este puto entorno un teatro, quiero ser el director
De este espectáculo, lejos de aquí si te harto
Sea lo que sea, día a día yo me levanto
Siéntete en las nubes mientras otro joint, yo me armo (ohh)

Mi ritmo se forsejea con
Tu negación afuera, un imperio yo he creado
Lo real es real, lo creas o no
Yo estoy predestinado desde que era un átomo

Y no no no, no puedes cambiarlo hermano
Acomodo todo lo que asumo, en mi cabeza y lo asomo
Acción que me rodea, vean como la escena acomodo
Todos hablan to' de mí, me miran cuando entro en el road

Perra no estés fea, me anclé algo
Ven se llama hip-hop esto que hago
Si quieres loquera güera aquí hay dope
Esta noche yo me llevo aunque sea dos

Saca el gas, ponlo aquí
Calienta esa pipa ahora
Pon el dab, dame un hit
Mientras rolas esa flora
Otra navidad fuera de casa
Otro año sin disfraz en Halloween

Saca el gas, ponlo aquí
Calienta esa pipa ahora
Pon el dab, dame un hit
Mientras rolas esa flora
Otra navidad fuera de casa
Otro año sin disfraz en Halloween"
La Plebada,La Galliza,2019,2015,1,13,1.0,"¡Fntxy!, ¿qué es esa madre loco, es wax?
Échalo pa' acá a la verga, vamos a fumarlo macizo
¡Cozy!, jálate viejón, vente pa' acá loco, vamos a fumar
Se armó la galliza (una galliza a la verga)
Cáiganle en verguiza (en verguiza loco)
Ya están los plebones prendiendo los blones
Ya van a empezar (no se aguantan a la verga)
Se armó la galliza (jálese viejo)
También la waxiza (viejón)
Ya saqué el wax, date unos dabs, te pone relax
(Bien relax a la verga loco, machín)
Con ese gelato me entono
Ando desde morro
Fumando kush en la Lobo
Plumita o en bonga le atoro (fierro)
Tu morra la robo pa' que me arme unos gordos
De Skywalker los forjo quemando un waxito al modo
Ando bien choro, bien loco, me rifo en los bongazos
Ando bien low bro y acciono el soplete
Ya quemó mi cera y todo lo que pensaba se esfuma
No tengo nada más en que pensar
Se armó la galliza (una galliza a la verga)
Cáiganle en verguiza (se armó la galliza, mija)
Ya están los plebones prendiendo los blones
Ya van a empezar (macizo a la verga, jálele)
Se armó la galliza (jálese viejo)
También la waxiza (viejón)
Ya saqué el wax, date unos dabs, te pone relax
(Bien relax a la verga loco, machín)
Mi ropa huele a humo pero todo es nuevo (new shit bro)
Todos los días fumo en restaurantes perros
No aguanto el abuso pero igual me prendo (uh, uh, uh)
Una me tranquiliza, otra me quita el sueño
Prendo uno, forjo uno
Quieres Swishers, quiebra el puro (purrú)
El waxito por el tubo, la flama no la regulo
Saca la plumita de sabor, pero que repitan ""Fire Up""
Se armó la galliza (una galliza a la verga)
Cáiganle en verguiza (en verguiza loco) (fierro)
Ya están los plebones prendiendo los blones
Ya van a empezar (no se aguantan)
Se armó la galliza (¿unos gallitos?)
También la waxiza (date unos dabs a la verga loco)
Ya saqué el wax, date unos dabs, te pone relax
(¿Un gallón o qué?)
Andamo' al trillón
Aya verga, que la vieja esta fuma macizo a la verga
¿Eres bien marihuana tú ve'a'?
Marihuanísima, te encanta la verga y la marihuana también
Jálese mija, jálese con unos gallones a la verga
Se armó la galliza mija
Fierro loco a la ver-
¡Y... a la verga loco!
Qué marihuano ando hijo de tu puta madre"
"Natanael Cano, Junior H, Dan Sanchez",Disfruto Lo Malo,2019,2015,1,0,1.0,"Como de costumbre
Navego en la lumbre
Ganando billetes
Rifando mi suerte

Sigo en los negocios
Tengo buenos socios
Allá por Tijuana
Mi equipo se jala

Ando bien tumbado
Los ojos cerrados
La nariz polveando
Me siento viajado

Traigo buena clika, me la rolo con los morros
Yo controlo los negocios, pues mi padre me enseñó
De La Perla pa Tijuana, unas horas si me llaman
Cotorreando yo me jalo, chale, no hay fijón

Puros corridos tumbados, compa Nata
Así es, compa Junior, ¡ea!

No solo lo bueno
Disfruto lo malo
Los buenos recuerdos
Los tragos amargos

Morras tengo varias
No quiero a ninguna
Buscan el dinero
No es por ser culero

Sirvan de lavada
Agarrando viada
Todos bien contentos
Disfruto el momento

Traigo buena clika, me la rolo con los morros
Yo controlo los negocios, pues mi padre me enseñó
De La Perla pa Tijuana, unas horas si me llaman
Cotorreando yo me jalo, chale, no hay fijón"
Alemán,Categoría 5 / Huracán,2020,2020,1,9,1.0,"-Lester pop-, -prendes mendes-
-Soy el pecador y voy a-, No
Traigo a la qui-
Son las cuatro con 20
Yao, check it-check it-check it out
Ah, check it-check it-check it out, yo

Perro de cadena gruesa, tengo marcada la esquina
Soy un pitbull de pelea, mandíbula asesina
Soy el chef, el mejor en la cocina
A la verga con su beef, me gusta la cecina

Otro bongazo, morro placoso, ahí te va el vergazo
Tú no eres pandillero, es falso tu placazo
Tu estilo está ni al caso, putito pendejazo
Soy el pinche jefazo, yo nunca me atraso

Mi propia línea trazo, pa' mí este es un payaso
Con este verso mataré dos pájaros de un plomazo
Un abrazo, mi más sentido pésame
Y si es que esto te cala, mi culito bésame

Pásale, siéntate y relájate
Y cuando acabe esta canción entonces mátate
Como dicen en Colombia, hágale
Y si es que vas para el cielo, a Dios salúdame

Muerto el perrito, se acabó la rabia
Hablan del culo pa'fuera y tiran mucha labia
A mí me dicen Alemán, ya conocen el alias
Pregúntale a tus bitches por mí, me conocen varias

Como mafia haciendo filo
Wacha, wacha, ey wacha

Toso, toso y toso y toso
Pura buena grifa que sabe sabroso
Será un momento hermoso cuando estés en el pozo
Y entonces volveré a prenderme otro bien apestoso

Soy un travieso, confieso, lo digo y lo sostengo
Soy la verga y pónganme un condón que ya me vengo
No sé si nos vamos entendiendo
Con una rata no me junto y no me vendo

Ando por la calle, tengo y el mundo conociendo
Forja de los que dan risa y vámonos riendo
Mientras tanto real me mantengo
Y le agradezco a Dios por la gran familia que tengo, ¡bitch!

Quiero más tequila
Ja, ja ¿qué dijeron?"
Alemán,Casa en la Montaña 2,2020,2020,1,9,1.0,"Ajá
Sí, pues
Yao

Rayas y fumes en lunes
""¿Qué tan común es?, ¿qué tanto consumes?""
Me digo al espejo mientras que mi boca se entume
Y ese güey contesta ""Okay, boomer""
Obvio sé que no lo necesito
Pero me pongo blandito cuando sale el papelito
Y ahí estoy cagándola, metiéndome perico
Aventuras en Pañales, más mermado que Carlitos

Comienza por diversión y se alimenta de ambición
Por el gusto, por la feria, el respeto y por la acción
En todo momento se toma una decisión
Unas te dan lo mejor y otras te mandan a prisión
Yo tenía un valedor que un rato se la llevó
Pudo hacerlo por más tiempo, metió el blanco y se acabó
Aunque verde es su color, su mercado es negro, bro
No todo es amor y paz en el humo de tu bong

Fuck the popo, ando repartiendo las bolsitas en la moto
Saben que yo tengo la mejor mota y no hay otro
No hago mucha placa, no me gusta alzar polvo
Pero sé muy bien qué palmera tiene coco
Sé cómo se mueve el agua
Dinero sucio, fácil llega, fácil se te acaba
No importa si tienes la luz, se te apaga
Y terminas igual, en cero, sin nada

¡La pinche Homegrown Mafia!
¡Wuh-wuh!
Yeah
Controlando este pinche pedo, man
Ey-yo, Fntxy
Double Dee, Yoga Fire
Muelas de Gang-Gang-Gang-Gang
Ey-yo, Cozy Cuz, what up, bro?
El ojo del pinche trap, nigga, what's up, homie?
Ey, Phull King Fu

Yo no estaba muerto ni estaba de parranda
Estaba en la trampa del humo que me atrapa
La mata no está santa cuando la muerte es blanca
Yo siento que me ataca, rápido me sofoca
Pesado como roca, no subo a las nubes
Me siento de la verga, como tú cada lunes
Puto, tú no lo dudes, todo tiene dos caras
Así que ponte vergas si sientes cosas raras, verga

Creo que era 2003, iban camino pa' un rave
La mayoría morrillos loqueando, primera vez
Eh, tenían al tope la hielera, tequila y chela
Más varios chavos en la suela y en la cajuela
¿Qué es lo que ven? Un retén, los van a torcer
Le dicen ""párense"", ey, los bajan los feds
Les encontraron varias broncas que nada que ver
Y ahora sus padres pierden miles en el M.P.

Simón, a la verga, saqué a mi familia vendiendo a la droga
To'avía recuerdo el aroma, y aquí me tienen ahora
Cómo cambian las persona'
Debo otro año en la sombra, ahora mi jaina tirándole a zorras
Sé que mi hijo me odia, mi jefa todos los días me llora
Ey, estaba caliente el terreno
Aquí el malo se come a los buenos
Allá afuera no nos conocemo', no te la acabes, la calle es veneno"
Calibre 50,Strawberryfish,2021,2020,1,0,1.0,"Qué si tengo mi equipo yo diría que el mejor
No son muchos amigos lo que tengo no-más dos
Y los traigo colgando y son los que me traen al mando
Y un pescado que es mi hermano que en el peligro anda nadando

Que si me doy mis lujos porque hay verdes pa' gastar
Nos ven haciendo tratos por aquí también allá
Me tienen por fresa pero más por ser cabeza
Porque he sido cazador y me cuido para no ser presa

Y cuando quieran tienen su casa verán que de fresa no tengo nada
Un mezcalito, unos corridos
No tengo amigos somos familia y yo los cuido
Allá en el rancho contaba vacas en la oficina hoy peso las pacas
De benjamines y los derrocho
Arriba Arcelia y todita tierra caliente, hijos del cocho
¡Y puro Calibre 50, pariente!

Aquí le buscamos eso es de todos los días
Les brindo protección trabajo y también amistad
No hay número exacto pero somos un cochazo
Más todos los aliados y el gentío que trae el pescado

Que no les falte nada si es que vamos a tomar
Y menos que les falte equipo cuando hay que pelear
No somos de pleito pero cuando quieran quiero
Aquí la gente no se raja así somos por acá en Guerrero

Y cuando quieran tienen su casa verán que de fresa no tengo nada
Un mezcalito y unos corridos
No tengo amigos somos familia y yo los cuido
Allá en el rancho juntaba vacas en la oficina hoy peso las pacas
De Benjamines hoy los derrocho
Arriba Arcelia y todita tierra caliente, hijos del cocho"
Dharius,Arenosos,2020,2020,1,9,1.0,"Siempre la tiro tranquilo, tranquilo, tranquilo para que me entiendas
Pero si fumo con tiro me inspiro y me saco dos, tres trabalenguas
Saca la mota, sácate el bong, saca la lumbre pa' echarme un baizón
Saca el micrófono en corto pa' hacer un desmadre con esta canción

Órale, güey ¿cómo que nel? vamos a hacer lo que siempre soñamos
Rimas de ley, de Monterrey, pa' los locotes de todos los barrios
Pa' esos que andan inhalando de aquel polvo blanco allá por las esquinas
Pa' esos que andan bien ganchados pegados al foco, sobre de Cristina

Se siente la adrenalina cuando El Tirano llega con su rima
Cada que voy al estudio parece cantina, hasta la cabina
Aquí la fiesta nunca termina, adictos al whisky y la cocaína
Al rap y la lírica fina, cargamos un flow que alucina

Ya sabes quién es el bueno sobre los beats
Mi rap es 4 por 4, todo terreno como los Jeeps
Aquí le damos de lleno, por eso hacemos puros hits
Y hoy por todo el mundo sueno representando mi país

Putos, babosos, siguen de arenosos
Se creen muy malandros pero son unos mugrosos
En este juego somos todopoderosos
Si siguen mamando pueden terminar en trozos
Pobres culeros, les arde el agujero
Pues ya todos vieron quiénes son los meros, meros
Lero-lero-lero, lero-lero-la
Chinguen a toda su madre de parte del DHA

Este vato va tomando el mando
Y como dato da todo cuando va rapeando
Novato, no va tomarme tanto tiempo, tonto
Canto pal' que esté escuchando

Y claro que me siento cómodo y ¿cómo no?
Con el flow que me cargo, bro, como LeBron
La clavo en el renglón y sé que tengo el don de com–
–Binar todas las palabras de un modo fino
Afilo y defino, alucino que vino el vecino
Viendo peli de Tarantino y una morra bailando al son de mi estilo
Regresan los cabrones que son buenos pa' la fiesta
Seguimos creando rolas pa' que muevas la cabeza
Ya sáquense el disco del Tirano, y aquí estamos

¿Qué esperabas?, si esto apenas comienza
Piensa, si no pudieron detenernos antes
Menos ahora que tenemos gente en todas partes
Cholos, pandillero, rapero, loco y maleantes
De los barrios más pobres hasta los más elegantes
Cotorreando acá en el chante con todos los camaradas
Una carnita asada y unas cheves bien heladas
Una rola rebajada que zumbe toda la cuadra
Fumando marihuana me la llevo relajada

Ponte trucha, man
Somos los que siempre hacen las cosas bien
Tiro Loko y Dharius, tú ya sabes quién
Este par de locos andan bien arriba como Red y Method Man

Andamos fumando por la carretera
Puro de $500 en la cangurera
No nos detendrán de ninguna manera
Todo lo que viene nadie se lo espera

Espera, espera, pásate un baizón
Lo sigo haciendo de corazón
Las groupies se bajan el calzón
Cuando saben que estamos de promoción

Al 2 por 1, les damos servicio como ninguno
Si sacan el vicio yo me lo fumo
Ya saben que soy el que más consumo
Llenamos el cuarto entero de humo
Y no presumo
Nos vamos volando de aquí a Neptuno
Sabes que no resto, mami, siempre sumo
Traigo tu comida, cena y desayuno
El DHA, número uno
Si no lo entiendes, te lo resumo
Tal vez yo pude salir del barrio
Pero el barrio nunca va a poder salir de uno

Putos, babosos, siguen de arenosos
Se creen muy malandros pero son unos mugrosos
En este juego somos todopoderosos
Si siguen mamando pueden terminar en trozos
Pobres culeros, les arde el agujero
Pues ya todos vieron quiénes son los meros meros
Lero-lero-lero, lero-lero-la
Chinguen a toda su madre de parte del DHA"
Dharius,El Loquerón (Parte 1),2022,2020,1,9,1.0,"Cocaína, marihuana, ya me voy para Tijuana
De ahí me cruzo pa'l gabacho por mota californiana
Pura gripa colombiana, pastillas por la mañana
Y pa' la seca una botella de champaña
Bien borrachote toda la semana
Traigo todos los sabores de la michoacana
Bien pericote, a mí nadie me gana

Traigo de limón, de fruta, nuez y de banana
Índica, sativa, Xanax, Valium, mescalina
MDMA pa' derramar serotonina
Un LSD nomás pa' ver si me alucina
Y un churrote con cocaína

Ando otra vez en el avión
Echando chingos de humo bien cabezón
El pisto listo en el cantón
El riscón en el plato, qué loquerón
Otra vez en el avión fumando un chingo de mota
Sobres, pónchese balón pa' que se prenda la flota, que no se nota
Aquí nada nos falta, tenemos bara alta
Con el compa Balta, California blanca

Aquí nos sobra el money, ya sabe, honey
Con los homies, bien puestos como el Tony
Loco por Mari, fumo más que un rastafari
Mami, lista pa' la party, esto va a ser un safari
Como daktari, yo soy tu daddy, mueve ese booty

Ya sabes que me encanta cómo bailas estilo Cali
Veinticuatro siete bien Illuminati
Más chapoy que la Pati

Ando otra vez en el avión
Echando chingos de humo bien cabezón
El pisto listo en el cantón
El riscón en el plato, qué loquerón

Querida amiga vecina, de una vez informo
Que la jefa ya sabe que fumo e inhalo polvo
Andando en desmadres bien pinche loco
Tres días de fiesta que no me controlo
Ando con puro cholo prendido en la loquera
Me gusta más la güera, que le dé como quiera

Que siempre ande pisteando, inhalando sin llenadera
Ya llena la hielera, el Balta en veinte llega
Nadie se lo esperaba, llegó la nueva era
Si me topan con morra, al Chile yo no era
Siempre controlo el fino, malandro grifo y coco
Ya saben quién es el más loco
Ando otra vez en el avión
Echando chingos de humo bien cabezón
El pisto listo en el cantón
El riscón en el plato, qué loquerón"
Dharius,Hipocresía,2022,2020,1,9,1.0,"Ya sabía que algún día me cansaría
De tanta hipocresía en esta vida
Tanta gente podrida y doble cara
No les importa nada, se dicen camaradas
Fuck you, putos, váyanse a la chingada
Ya sabía que algún día me cansaría
De tanta hipocresía en esta vida
Tanta gente podrida y doble cara
No les importa nada, se dicen camaradas
Fuck you, putos, váyanse a la chingada

Porque nadie estuvo aquí cuando más lo necesité
Todos me dieron la espalda y no supieron ni porqué
Pero yo sí sé porqué, porque les faltaron huevos
Se dijeron mis carnales, resultaron puro pedo
A ver, cuando andaba bien cuajado me trataron muy, muy bien
Nomás me metí en un pedo y ya jamás los volví a ver
Para mí eso no está bien, según eran camaradas
Pero nomás en las buenas, me fallaron en las malas
Como siempre puras fallas y mentiras por aquí
Me mandaron a la verga y a la verga yo me fui

Y no pararon ahí, le siguieron de ardillones
Me amenazaron de muerte y criticaron mis canciones
La neta que sí me agüita, que anden ahí de panochones
Mientras yo sigo p'arriba y lo demuestro con acciones
Ya tantas decepciones pa' llegar a donde estoy
Tantas decepciones pa' ser lo que soy

Ya sabía que algún día me cansaría
De tanta hipocresía en esta vida
Tanta gente podrida y doble cara
No les importa nada, se dicen camaradas
Fuck you, putos, váyanse a la chingada
Ya sabía que algún día me cansaría
De tanta hipocresía en esta vida
Tanta gente podrida y doble cara
No les importa nada, se dicen camaradas
Fuck you, putos

Me mandaron a encuetar según para azorrillarme
Se metieron al cantón y eso es algo imperdonable
Me dejaron en la calle y me desearon lo peor
Y aún así después de todo me acusaron de traición
Yo no sé cuál fue mi error ni porque cagan el palo
Nunca fallé una misión ni tampoco hice nada malo
Pero bueno, ya no importa, no puede haber vuelta atrás
Ni todo el oro del mundo me hará regresar jamás
A mí no me queda más que seguir haciendo rimas
Lo chingón en este juego se demuestra en la tarima

La neta, se alucinan, ya bájense de su avión
Hay que seguir levantando la cultura del Hip-Hop
Como lo ando haciendo yo desde que estaba morrillo
Ya dedíquense a lo suyo y que no les arda el fundillo

Ya sabía que algún día me cansaría
De tanta hipocresía en esta vida
Tanta gente podrida y doble cara
No les importa nada, se dicen camaradas
Fuck you, putos, váyanse a la chingada
Ya sabía que algún día me cansaría
De tanta hipocresía en esta vida
Tanta gente podrida y doble cara
No les importa nada, se dicen camaradas
Fuck you, putos, váyanse a la chingada

Andan criticando mucho mi Rap
Dicen por ahí que mi flow no es nada espectacular
Pero ocupa practicar, no me pueden igualar
Les ando quitando el sueño como Bison de cristal
Tijua's style, es el Dharius Bodharius, banana vana
Haciendo versos legendarios toda la semana
Con el churro y la caguama nunca se quitó la maña
Y mi Rap anda sonando desde México hasta España
Según ustedes me odian pero a mí nadie me engaña
Cada que me tiran mierda sé que todavía me extrañan

Quisieron quitarme todo y por un año me agüité
Pero gracias al apoyo de la gente regresé
Volví a escribir otra vez, hice dos, tres rolas chidas
Grabé un disco allá en L.A y empecé mi propia pandilla
El clan directo hasta arriba, sinónimo de real
Saludos a la bandera y que siga creciendo el clan

Ya sabía que algún día me cansaría
De tanta hipocresía en esta vida
Tanta gente podrida y doble cara
No les importa nada, se dicen camaradas
Fuck you, putos, váyanse a la chingada
Ya sabía que algún día me cansaría
De tanta hipocresía en esta vida
Tanta gente podrida y doble cara
No les importa nada, se dicen camaradas
Fuck you, putos, váyanse a la chingada (hipocresía)

(Hipocresía)
(Hipocresía)
(Hipocresía)"
Peso Pluma,Sr. Smith,2024,2020,1,9,1.0,"Ya destapa la champaña
Pa qué esperar hasta mañana
No quiero dormir
Hay que seguir

Morras van y morras vienen
Cuántas son y dónde vienen
Se quieren divertir
Contentas, le dicen ""Sr. Smith""

Traigan más Lady Gaga
Que esto no se acaba, que esto va empezando
Ve y tráete más lavada
Que mi compa Chacho viene aterrizando

Rusas, australianas
Todos continentes te ando manejando
Nunca llego tarde
Y eso que me muevo por bastantes lados

Y pura Doble P
¡Trakas!, hijo 'e su puta madre
¡Chau!
Compa Parka, compa Lalo

Un restaurante privado
En lo que llega el jet privado
Brilla el Richard Mille
No fue fácil

Salen pa los Emiratos
Voy y llego y checo el cuadro
A la mano un fusil
No hay broncas, pero es bueno prevenir

Traigan más Lady Gaga
Que esto no se acaba, que esto va empezando
Ve y traigan más lavada
Que mi compa Chacho ya viene llegando

Rusas, australianas
Todos continentes te ando manejando
Nunca llego tarde
Y eso que me muevo por bastantes lados"
Tito Double P,Chino,2024,2020,1,0,1.0,"Pásenme un whiskyito ahorita que puedo
Chino nunca carga miedo
Malo por las malas, por las buenas, bueno
Con el señor Plumas estamos de lleno
Su mano derecha siempre le aprendemos
Y aunque soy muy fino, en la raya me muero
No despego nunca mi Glock y mi cuerno
De las cuatro letras somos y seremos

02 mi clave y me ven por La Perla
Peleamos Michoacán y cuidamos Vallarta
Bandera del jefe 3 es la que pеsa
H, 4, tiene toda mi confianza
Trucha carrucha con la tabla
Andan los Deltas еn campaña
Si se ofrece, truenan las pacas
No se enreden con Los Alfas

Y esta se va hasta Jalisco, mi viejo
Jálese
¡Ay, mamá!
Trucha con la carrucha, compare
Tito Double P

Porte inteligente, también de respeto
Líder de Los Alfas, con firma y aprecio
Velocidad, RZRs y la adrenalina
Amigazo Sherk al tiro y a la línea
Rojo mi carnal en buenas y malas
Pa' las cuentas, Kike manda
A los traicioneros los pongo en la mira
No llamo la atención y muy poco nos miran
Misiones de los jefes nos aventamos
Se ven camionetas con rumbo pa'l charco
Se ven largas las caravanas
Al de las plumas no le falla
Al pendiente de lo que pasa
Nunca se descuida nada"
Chalino Sánchez,Dinastia De Los Ochoa,2025,2025,1,12,1.0,"Dinastía de los Ochoa
Muy triste por mala suerte
En el rancho del Limón
A pancho le dieron muerte
El año de 66
Su cuerpo quedaba inerte

El 73, su padre
En su casa lo abatían
Unos falsos judiciales
Por Montenegro venían
Don Chencho llego confiado
También a la ley servía

Carpió Ochoa con el tiempo
Agarró a aquel cabecilla
Lo mató con una escuadra
Y así siguió la rencilla
Herido cayó al presidio
Y al poco tiempo salía

Juanito Ochoa murió
En una forma cobarde
Como le tenían miedo
Igualito que a su padre
El año 76
Otro dolor pa su madre

Cuando menos lo esperaba
Sus asesinos cayeron
Les pagaron con la misma
Ninguna chanza les dieron
Por justo en esa ocasión
Siete personas murieron

En el año 87
En el rancho del Limón
Nacho Ochoa con su escuadra
Un cuerpo mandó al panteón
Hermano del asesino
Que a Pancho mató a traición

Quedan Carpió y Nacho Ochoa
Sin olvidar a Chenchito
Que siempre que se ha ofrecido
Se defiende muy bonito
También Baldomero vive
Y otro llamado Lupito"
Chalino Sánchez,Toledo Felix,2025,2025,1,12,1.0,"Voy a cantar un corrido
Aunque triste, muy bonito
Para relatar los hechos
Del rancho El Guamuchilito
Lugar de hombres peligrosos
Casi cunas de alacranes
Donde pelearon los Félix
Con los famosos Beltranes

Toledo Félix su nombre
Respetado y conocido
Según cuenta la leyenda
Que no estaba prevenido
La muerte se halla a la orden
Pa' llevarse a un decido
Pongan atención, valientes
Escuchen bien el corrido

1970
Como a las once serían
Se agarraron a balazos
Por rencillas que tenían
Murió Toledo y Alonso
Sus destinos se cumplían
Con ellos Virgen Beltrán
Los tres la vida perdían

Toledo llegó a aquel rancho
Lo toparon los Beltranes
Y al calor de las copas
Estos formaron sus planes
Quisieron pelear con él
No quiso el reto aceptarles
Porque estaban jovencitos
Era un pecado matarles

Alonso Beltrán lo supo
Se dirigió enfurecido
También era de valor
Bastante, muy decidido
Toledo Félix sabía
Que la cosa había crecido
Por aquella averiguata
Que en la tarde habían tenido

En aquella balacera
Quedaron tres, ya sabrán
Toledo se hallaba herido
Nadie se quiso arrimar
""Vengan a matar a un hombre""
Les alcanzó a reclamar
Mis respetos para todos
Su valor hay que admirar"
Chalino Sánchez,La Muerte Del Pela Vacas,2025,2025,1,12,1.0,"El rancho del Vizcaíno
Y todita su comarca
Las guaridas preferidas
Del temible Pela Vacas
Al que le pone a su mano
Siempre dejaba su marca

Raymundo Burgos, su nombre
Todo mundo le temía
Sería por su mala fama
Que todos le conocían
Perseguido por la ley
""Pela Vacas"", le decían

Muy temprano comenzó
Su carrera delictuosa
Se llevó una linda dama
Y así comenzó la cosa
Pa todo el que vive recio
Se encuentra lista una fosa

Diez años que estuvo preso
Dicen que no lo amoldaron
Cuando salió del presidio
Luegito lo detectaron
Los males que iban pasando
Todos se los achacaron

Allá en Quila, Sinaloa
Hay una historia grabada
A las 10:00 de la mañana
El banco les asaltaba
La muerte en puros billetes
En sus manos la llevaba

La verdad no se ha sabido
La cosa es que lo mataron
Por quedarse con su parte
Y creo que hasta les pagaron
Su cuerpo en puros pedazos
Por el cerro lo encontraron

La traición que le jugaron
Con el tiempo han de pagar
Al fin todos alacranes
Otros les ha de picar
La muerte del Pela Vacas
Otro traidor va a vengar"
Chino Pacas,GTO,2025,2025,1,9,1.0,"Me vale madre, fumo en la calle, ya te la sabes que somos reales
Pa' Miravalle, puro prendido, puro locote, ya estás advertido
Ando tumba'o del pantalón, pa' Chapalita y pa' la Nuevo Léon
Del barrio soy, saben que yo nunca me tiento el pinche corazón
La que controla quemando mota, Santa Fe rifa, pónchate y rola
Por la colonia más peligrosa, aquí en Guanajuato la vida está loca
Acá por Silao todo tumbado, del cuerpo pintao y del coco rapao
Bien demacra'o por todo' lao, soy el más buscao y el más pinche aloca'o
Fúmale, fúmale, rólala
Quémale, quémale, pásala
Fu-fúmale, fúmale, pónchala
Préndele, préndele, sácala
Acá, por mi barrio
La vida loca que llevamos ya nos tiene bien clavados
Somos barrios todos bravos, acá, en Guanajuato
Aquí en la Santa radicamos, al peligro acostumbrados
Ojos rojos bien tumbados
Los Ángeles rifan, quemando grifa, bajo pa' Sur y también pa' Califas
Suena machinfla y sale mi clika pa'l Salvador y también Costa Rica
Cerro del Cuarto y los de La Venada, tipo leones, se aloca la banda
Saludo pa'l trenes hasta Salamanca, me voy pa'l gabacho, me traigo las pacas
Puro Irapuato quemando el guato, nada me cambia, soy el mismo vato
Acá, por Guanato, ya tengo rato, arriba Jalisco y mi Guanajuato
En mi bocina suena Chalino, acá, en el barrio, me dicen, ""padrino""
Quiero mezcal y botellas de vino, la boca seca y los ojos de chino
Ponte bien vergas con la cartera, puro para arriba, saludos pa' la bandera
Pon a los cannabis y la gente de Cervera, acá en Monterrey suena cumbia pandillera
Pinche chavala, tú no traes nada, cáele en mi barrio, cáele para Santa
Aquí traigo balas, también a mi banda, puro locote que el barrio levanta
En Sinaloa, de repente allá me ven
Que toque la Banda MS, también LD
Que me quiero amanecer, bailando y fumándole
Que yo quiero THC, a la pipa prendiéndole
Acá, por mi barrio
La vida loca que llevamos ya nos tiene bien clavados
Somos barrios todos bravos, acá, en Guanajuato
Aquí en la Santa radicamos, al peligro acostumbrados
Ojos rojos bien tumbados
El pinche Güero en el micrófono (acá, por mi barrio la vida loca que llevamos)
El Moler en la producción, cabrón (ya nos tiene bien clavados)
El barrio pa'l barrio (somos barrios todos bravos)
Santa Fe Klan, carnal, uh (acá en Guanajuato, aquí en la Santa radicamos)
Saludo pa'l Deca (al peligro acostumbrados)
Puro Guanajuato, Monterrey, San Luis (ojos rojos bien tumbados)
Viva México, cabrones"
Chino Pacas,SINIESTRO,2025,2025,1,9,1.0,"Un ente siniestro, y de puros hechos
Me gané el respeto
Entre todos reluzco el talento
Y pa' la chamba no reflejo el miedo
Un vago y pone sereno
Las envidias están al acecho
Y como híbrido rindo y despego
Aquí ando firme, escuela de los viejos
Nada me cuentan
Que ya pasé y hasta les di la vuelta
Me retaché, ni me vieron de cerca
La siluetona que cargo es discreta
Divisándome pa' abajo
Wacharon mal y les llegué volando
Con un gallito me ando aterrizando
Crecen los ceros, si andan preguntando
Que sigan llegando las pacas, mi compa Alejandro
Me hice en la calle
Creciendo solo y sombrías las tardes
Buscando un peso aprendí a generarle
Soñando en grande pude superarme
No me rajé y se dieron los planes
Y ahora me miran serio y elegante
Despegué fino, pero soy el de antes
Y una banquetera siempre que se arme
Me andan pidiendo paro
Ahora que ando recio y vieron el varo
No se me olvida quién me dio la mano
Con la clika subimos de rango
Mírenme, que yo le sigo
Ya llevo un tiempo y todo lo consigo
Me siento muerto, pero ando bien vivo
Con mi carnal el Turo, aquí anda al tiro
Ey
Ey, ey, ey, ey"
Ladrones,Veneno,2025,2025,1,9,1.0,"Llaman al cel
Pura morrita diabla con lavada se la pasan bien
Saben que soy cabrón no tiro labia por eso vienen
Veneno blanco fino al tiro siempre a mí me van a ver
Y si antes no había nada hoy voy pal antro y pido la Don P
Las barbies me motivan, del rosita las pongo a loquear
Al morro bien cuajado, quién lo viera hoy lo voy a invitar
Y antes de un cigarrito va el shotcito para arremangar
Con rolas del Chalino y un amigo para recordar

Con corriditos me arremango y una lavadita pa empezar
Mujeres bonitas llegando que siempre hacen falta pa ambientar
Disfruto porque la suerte algún día mi muerte se ha de llevar
Disfruto porque la suerte algún día mi muerte se ha de llevar

Yo no soy de santos ni rezar sigo aquí porque me aferro
Siempre que se trata de pelear nomás le suelto a los perros
Los envidiosos que van a hablar que se la piensen primero
Porque ya se la sabe carnal que les armo un cagadero

Veneno blanco fino al tiro siempre a mí me van a ver
Y si antes no había nada hoy voy pal antro y pido la Don P

Con corriditos me arremango y una lavadita pa' empezar
Mujeres bonitas llegando que siempre hacen falta pa' ambientar
Disfruto porque la suerte algún día mi muerte se ha de llevar
Disfruto porque la suerte algún día mi muerte se ha de llevar

Y arriba la ""L"" viejo
Ya lo sabe
Esto es Ladrones
Puro Flow Pesado
¿Ya? ¿o todavía no?

FLOW PESADO"
Natanael Cano,Como Es,2025,2025,1,9,1.0,"Bebé, ¿cómo te va?
Te tengo de frente, te siento hasta el vientre
Ya no hay curiosidad
Diamante' en los dientes, Cartier en los lentes
Pa ver cómo se va

Me la chingo rico como es
Que yo se la aplico como e'
La tiene espumosa con Moët
En ese totito gasté cien

Me la chingo rico como es
Que yo se la aplico como e'
La tiene espumosa con Moët
En ese totito gasté cien

Yo te bajo la moon, te bajo las estrellas
Mamacita, pide lo que quieras
Nomás me digas que tú me quieras

Yo te creo aunque no quiera
Yo doy todo por esa doncella
Blancanieves, aunque aquí no nieva
Está endemoniada como Anabella, pero es mi nena

Si el gobierno me busca, bebé
Yo me monto en el jet, y me pelo, y no me va a encontrar
Amanezco en Ibiza, la baby esterlina
Cabrón, ¿qué lo qué?, vo'a loquear

Cuadrada la meche
Los diablo' y no son de Llorens
Pa que sepan, los carros blindado'
Soldado y profeta, mera, dime, Anuel

Y ese cabrón no dispara
Te meto este bicho y te lo echo en la cara
Se pone loquita y me dice: ""Montana
Te traigo mi amiga, también ta bellaca""

Y tú sabes que eres malvada
Bebé, yo contigo me pierdo en Holanda
Tu bato se agüita y tú ya bien jalada
En la cama una puta con una lavada y

Se pone mis cadenas siempre que lo hacemos
Después de la peda, es cuando nos comemos
Ella es bien bellaca y no tiene freno
Y yo que no me vengo después de un Perco

Y qué rica la nota
Se lo lleva hasta la garganta cuando yo le estoy explotando la boca
La tiene rosita como el tusi, pero prefiere líneas de la otra
Ponme en la cara la nalgota
Te llevo pa'l mall, gasté diez mil pa que me modeles la ropa

Porque conmigo siempre desnuda y prendemos una bambúa
Parece que hicimos pilates por como le suda
Ella me dice ""Dom"" porque le saco la espuma
Como lobo, aullándole a la media luna

Me la chingo rico como es
Que yo se la aplico como e'
La tiene espumosa con Moët
En ese totito gasté cien

Me la chingo rico como es
Que yo se la aplico como e'
La tiene espumosa con Moët
En ese totito gasté cien

Se pone mis cadenas siempre que lo hacemos
Ella es bien bellaca y no tiene freno"
"""El Piporro""",El Ojo De Vidrio,1972,1970,1,6,1.0,"Voy a cantar el corrido
Del salteador del camino
Que se llamaba Porfirio
Llamábanle ojo de vidrio
Lo tuerto no le importaba
Pues no fallaba en el tiro, ajua

Se disfrazaba de arriero
Para asaltar los poblados
Burlándose del gobierno
Mataba muchos soldados
Nomás blanqueaban los cerros
De puros encalzonados

Ahí viene el ojo de vidrio
Gritaba el pueblo asustado
Y a las mujeres buscaba
Mirando por todos lados
Dejaba pueblos enteros
Llenos de puros colgados

Después de tantas hazañas
Al verlo que se paseaba,
Con su caballo tordillo
Frente de la plaza de armas,
Lo acribillaron a tiros
Sin que le pasara nada

Decían que estaba forrado
Con un chaleco de malla
Las balas le rebotaban
Mientras él se carcajeaba
Se iba tranquilo a caballo
Sin que nadie le estorbara

Bajaron tres campesinos
De allá del cerro escondido
Traiban al ojo de vidrio
Picado de un corralillo
Venía ya muerto el bandido
Sobre el caballo tordillo, ajua"
