verso_texto,val_AR,val_MO,val_DI,val_PO,val_NA,val_GO,year,artist,dimension_dominante,intensidad_max,decada,umap_x,umap_y,umap_z
"""Ay, dame doscientos mil",0.0,0.0,1.0,0.0,0.0,0.0,1997.0,Banda Sinaloense Los Recoditos,DI,1.0,1990.0,2.122299,0.3632069,-0.14077388
"""Bernal, ahí viene la tropa""",0.0,0.0,0.0,0.0,0.0,2.0,1988.0,Pedro Infante,GO,2.0,1980.0,5.9425898,-0.72258395,-0.5835277
"""Ánimo mi campo, y ajústele al carro""",0.0,1.0,0.0,0.0,0.0,0.0,2013.0,Voz De Mando,MO,1.0,2010.0,6.2683687,-0.3253272,1.9785826
"(Jefe, jefe) comandamo'",0.0,0.0,0.0,1.0,0.0,0.0,2008.0,Daddy Yankee,PO,1.0,2000.0,4.8708315,-1.1798677,-0.8600917
(Yeah) Yeah yo quiero grande mota,0.0,0.0,0.0,0.0,1.0,0.0,2018.0,T.I.,NA,1.0,2010.0,5.499324,-0.05755788,2.0340161
20 millones era el precio,0.0,0.0,3.0,0.0,0.0,3.0,,Grupo Laberinto,DI,3.0,2000.0,2.4787705,0.64115596,-0.5314004
"200 kilos de coca, que a san Francisco llevaban",0.0,2.0,0.0,0.0,2.0,0.0,1998.0,Los Huracanes Del Norte,MO,2.0,1990.0,5.8165054,0.88234717,1.4231348
A buscar a aquel bandido,0.0,0.0,0.0,0.0,0.0,2.0,2008.0,Lalo Mora,GO,2.0,2000.0,5.6309743,-0.84429526,-0.3514959
"A chihuahua otro reten militar, ojala sea mi teniente",0.0,0.0,0.0,2.0,0.0,2.0,1997.0,Vaquero's Musical,PO,2.0,1990.0,4.559519,-0.3868649,0.2229302
A depositar el dinero,0.0,0.0,2.0,0.0,0.0,0.0,,Los Caminantes,DI,2.0,2000.0,2.5488627,-0.11995928,-0.092010275
A dos hombres que mataron,1.0,0.0,0.0,0.0,0.0,0.0,1996.0,Chalino Sánchez,AR,1.0,1990.0,6.8906245,-2.440962,-0.9943527
A la orden de la gran empresa,0.0,0.0,0.0,2.0,0.0,0.0,2014.0,Los Tucanes De Tijuana,PO,2.0,2010.0,4.2235217,-0.21808212,-0.9326787
A las mujeres mas bonitas se llevaba,0.0,0.0,3.0,0.0,0.0,0.0,,Los Alegres De Teran,DI,3.0,2000.0,5.350521,1.2343957,0.06873939
"A lomo de un caballo, buscando pero no hallo",0.0,1.0,0.0,0.0,0.0,0.0,2002.0,"""El Piporro""",MO,1.0,2000.0,5.7585483,-1.3756706,1.9984094
"A meterse cocaína o chiflarle a sus vecinas, como yo",0.0,0.0,0.0,0.0,1.0,0.0,2006.0,Cartel De Santa,NA,1.0,2000.0,4.840542,-0.4253554,1.0178031
A mi me gusta el tequila que sale de los magueyes a mi no me ofrezcan agua que el agua es para los bueyes por eso traigo dinero pa darme vida de reyes,0.0,0.0,3.0,0.0,0.0,0.0,,Grupo Exterminador,DI,3.0,2000.0,2.7972221,0.06837532,0.40753132
A reventar de dinero,0.0,0.0,2.0,0.0,0.0,0.0,,Pesado,DI,2.0,2000.0,2.7192595,-0.40216035,-0.22843996
A sido el polvo maldito.,0.0,0.0,0.0,0.0,1.0,0.0,1980.0,Los Cadetes de Linares,NA,1.0,1980.0,3.8037577,0.36663267,2.193132
A su pistola echo mano,2.0,0.0,0.0,0.0,0.0,0.0,2008.0,Valentin Elizalde,AR,2.0,2000.0,7.087662,-0.5261797,-1.0208741
"Abra la cajuela, jefe",0.0,0.0,0.0,1.0,0.0,0.0,2008.0,Lalo Mora,PO,1.0,2000.0,4.640769,-0.9458597,-0.83053845
Acepté dar una vuelta en su carro latino,0.0,1.0,0.0,0.0,0.0,0.0,1996.0,Illya Kuryaki & The Valderramas,MO,1.0,1990.0,6.314846,-0.0678421,2.0025811
Acribillándose a tiros,2.0,0.0,0.0,0.0,0.0,0.0,1977.0,Ramon Ayala y sus Bravos Del Norte,AR,2.0,1970.0,6.774055,-2.0482287,-1.0354841
Ademas de unos billetes,0.0,0.0,1.0,0.0,0.0,0.0,,Grupo Exterminador,DI,1.0,2000.0,1.7807122,-0.018728958,-0.33753982
Agarro las llaves de su pichi camioneta,0.0,1.0,0.0,0.0,0.0,0.0,2015.0,Millonario,MO,1.0,2010.0,6.6714582,-0.026848583,1.82833
"Agustín bajaba, bajaba a caballo",0.0,1.0,0.0,0.0,0.0,0.0,1988.0,Los Mier,MO,1.0,1980.0,5.6750946,-1.5681748,2.169219
"Ah, tráigamo' la mota, que vamo' a quemar",0.0,0.0,0.0,0.0,1.0,0.0,2024.0,Maluma,NA,1.0,2020.0,5.664515,0.112765715,1.9611838
Ahi traigo un cuerno de chivo,3.0,0.0,0.0,0.0,0.0,0.0,2000.0,Banda Machos,AR,3.0,2000.0,5.518483,-0.4841498,1.7915813
"Ahora unos judiciales, usan muy modernas armas",0.0,0.0,0.0,0.0,0.0,1.0,2008.0,Valentin Elizalde,GO,1.0,2000.0,6.703947,-0.5816906,-1.1162064
Ahí murieron diez hombres,1.0,0.0,0.0,2.0,0.0,0.0,1988.0,Los Huracanes Del Norte,PO,2.0,1980.0,6.8636136,-2.5292304,-1.1159307
"Ahí quedaron diez hombres, por esos mismos motivos",1.0,0.0,0.0,1.0,0.0,0.0,2000.0,Antonio Aguilar,AR,1.0,2000.0,6.8872533,-2.4466016,-1.1683662
Al infierno yo he mandado,2.0,0.0,0.0,0.0,0.0,0.0,2008.0,Banda Machos,AR,2.0,2000.0,5.476602,-1.881202,-0.61280113
Algunos ya han agarrado,0.0,0.0,0.0,0.0,0.0,2.0,1998.0,Grupo Exterminador,GO,2.0,1990.0,5.549015,0.27238214,-0.051590156
"Allá en lo alto de la sierra, sembré como cien hectáreas",0.0,0.0,0.0,0.0,1.0,0.0,1998.0,Los Huracanes Del Norte,NA,1.0,1990.0,4.8915763,1.2575285,1.2488688
Allí murieron diez hombres,1.0,0.0,0.0,2.0,0.0,0.0,1984.0,Los Cadetes De Linares,PO,2.0,1980.0,6.8403497,-2.5262666,-1.0779954
Ando al puro pedo con billetes en la bolsa,0.0,0.0,2.0,0.0,0.0,0.0,,Cartel De Santa,DI,2.0,2000.0,1.9599601,-0.2443538,-0.35012165
Ando sobres de mi business coronando varias bitches,0.0,0.0,2.0,0.0,0.0,0.0,2020.0,Alemán,DI,2.0,2020.0,4.469356,0.8556721,-0.15847144
Anti comerciales gana euros ah raulares,0.0,0.0,2.0,0.0,0.0,0.0,1976.0,Mariachi Vargas de Tecalitlán,DI,2.0,1970.0,2.576953,-0.28827283,-0.12875995
Aquel que dejarón muerto,2.0,0.0,0.0,0.0,0.0,0.0,1996.0,Pepe Aguilar,AR,2.0,1990.0,6.652263,-2.5961354,-0.71049696
Arma que trae empotrada,2.0,0.0,0.0,0.0,0.0,0.0,2008.0,Los Tucanes De Tijuana,AR,2.0,2000.0,6.8224835,-0.39420944,-0.8397465
Ask him if he got some weed,0.0,0.0,0.0,0.0,1.0,0.0,2018.0,T.I.,NA,1.0,2010.0,5.285536,-0.64537823,0.7866278
"Así como llegan las pacas, se van",0.0,0.0,2.0,0.0,0.0,0.0,,Junior H,DI,2.0,2000.0,5.3438134,2.4456606,1.0883675
Así le decía su gente,0.0,0.0,0.0,2.0,0.0,0.0,1997.0,Los Tucanes De Tijuana,PO,2.0,1990.0,4.9821186,-0.76532435,-0.79844815
"Así que prende el gallo, así que saca el yeyo",0.0,0.0,0.0,0.0,1.0,0.0,2025.0,Alemán,NA,1.0,2020.0,5.362179,-1.6593648,1.9475057
"Avanzando, patrullando",0.0,2.0,0.0,2.0,0.0,0.0,2023.0,"Peso Pluma, Eladio Carrion",MO,2.0,2020.0,5.881268,-0.46410507,-0.22374985
Bazuca y lanzagranadas y un cuerno de disco,3.0,0.0,0.0,0.0,0.0,0.0,2013.0,Voz De Mando,AR,3.0,2010.0,6.976279,-0.35926732,-0.61367583
"Billetes bajos no portamos, sólo cien, yeah",0.0,0.0,2.0,0.0,0.0,0.0,,Alemán,DI,2.0,2000.0,1.7563132,0.28079173,-0.04557571
Billetes tengo en costales pa'comprar lo que se antoja,0.0,0.0,3.0,0.0,0.0,0.0,2013.0,El Komander,DI,3.0,2010.0,2.0284922,0.12574089,-0.12050715
"Billetes verdes, los voy a tener (ah)",0.0,0.0,2.0,0.0,0.0,0.0,,Alemán,DI,2.0,2000.0,1.7964166,0.28460708,-0.065589376
Blindaje en las calles,3.0,1.0,0.0,0.0,0.0,0.0,2012.0,Calibre 50,AR,3.0,2010.0,6.0810084,-0.075719774,0.07863213
Bonita pistola escuadra,3.0,0.0,0.0,0.0,0.0,0.0,1997.0,Luis Y Julian,AR,3.0,1990.0,6.9856896,-0.62648886,-1.007701
"Brindo con henny, ya estamos ready",0.0,0.0,1.0,0.0,0.0,0.0,2021.0,Denilson,DI,1.0,2020.0,5.002608,0.2682079,0.491119
"Buenos lujos, mujeres y adicción",0.0,0.0,2.0,0.0,2.0,0.0,,Dharius,DI,2.0,2000.0,5.0867324,1.3364338,-0.23338681
Cachas de oro y tiro arriba,0.0,0.0,1.0,0.0,0.0,0.0,,Grupo Exterminador,DI,1.0,2000.0,3.285657,0.7251456,-1.2449937
Cada uno con su pistola,1.0,0.0,0.0,0.0,0.0,0.0,1984.0,Los Caminantes,AR,1.0,1980.0,7.046729,-0.8003013,-1.1225718
Carga las mejores armas,2.0,0.0,0.0,0.0,0.0,0.0,2013.0,Voz De Mando,AR,2.0,2010.0,6.666477,-0.01880947,-0.6734144
Cayeron dos de a caballo,1.0,1.0,0.0,0.0,0.0,0.0,2019.0,Carin León,AR,1.0,2010.0,5.7593956,-1.5572982,2.1018143
"Cheques, billetes y pesos",0.0,0.0,1.0,0.0,0.0,0.0,2000.0,Antonio Aguilar,DI,1.0,2000.0,1.7061232,0.040622544,-0.21456851
"Chico, me hace falta un carro",0.0,1.0,1.0,0.0,0.0,0.0,2008.0,Daddy Yankee,MO,1.0,2000.0,6.1248274,-0.20994715,1.9830809
Cinco balazos sonaron,2.0,0.0,0.0,0.0,0.0,0.0,1976.0,Carlos Y Jose,AR,2.0,1970.0,7.2960687,-1.3835815,-1.3624445
Cincuenta balas de acero,2.0,0.0,0.0,0.0,0.0,0.0,1972.0,Antonio Aguilar,AR,2.0,1970.0,7.1924043,-1.3623517,-1.4459231
"Como era entendido, a señas le hablaba",0.0,0.0,0.0,1.0,0.0,0.0,1988.0,Los Mier,PO,1.0,1980.0,5.07635,-0.85498714,-0.6057556
Como narco contando billetes,0.0,0.0,2.0,0.0,0.0,0.0,,Bad Bunny,DI,2.0,2000.0,1.8819388,-0.16794272,-0.32553163
"Compa Chino, que sigan llegando las pacas, viejón",0.0,0.0,2.0,0.0,0.0,0.0,,Chino Pacas,DI,2.0,2000.0,5.394254,2.433615,1.065245
"Compa ando torcido, ya me pegó el blunt",0.0,0.0,0.0,0.0,1.0,0.0,2023.0,Peso Pluma,NA,1.0,2020.0,4.4136558,-0.01875144,1.2275048
Compadre estamos rodeados,2.0,0.0,0.0,0.0,0.0,0.0,2013.0,Julión Álvarez Y Su Norteño Banda,AR,2.0,2010.0,5.1172595,0.11789015,-0.015284719
Con La Muerte Lo Amago,1.0,0.0,0.0,0.0,0.0,0.0,2002.0,"""El Piporro""",AR,1.0,2000.0,6.647639,-2.3735003,-0.7368969
Con billetes el Gobierno,0.0,0.0,0.0,0.0,0.0,2.0,2008.0,Los Huracanes Del Norte,GO,2.0,2000.0,1.7019664,-0.034234494,-0.3308599
"Con billetes se hacen sordos, y hasta en ciegos los convierto",0.0,0.0,3.0,0.0,0.0,3.0,,Los Huracanes Del Norte,DI,3.0,2000.0,1.7177199,-0.15253331,-0.2851832
Con el polvo blanco que me levanta,0.0,0.0,0.0,0.0,1.0,0.0,2025.0,CA7RIEL & Paco Amoroso,NA,1.0,2020.0,3.9052174,0.25678483,2.1080875
Con ella le dio 6 tiros,2.0,0.0,0.0,0.0,0.0,0.0,2006.0,Los Invasores De Nuevo Leon,AR,2.0,2000.0,7.100516,-1.0644411,-1.2131683
Con ella los aplausos las grupis y el dinero,0.0,0.0,3.0,0.0,0.0,0.0,,Cartel De Santa,DI,3.0,2000.0,2.9094098,0.17702565,-0.5982177
Con la mafia se gana dinero,0.0,0.0,3.0,0.0,0.0,0.0,,Los Tucanes De Tijuana,DI,3.0,2000.0,2.8555608,-0.45489857,-0.28664315
Con la muerte lo amagó,2.0,0.0,0.0,0.0,0.0,0.0,1984.0,Los Caminantes,AR,2.0,1980.0,6.6918464,-2.5571475,-0.8434643
Con mi carnal voy zumbando,0.0,1.0,1.0,0.0,0.0,0.0,2025.0,Chino Pacas,MO,1.0,2020.0,4.72102,-0.21571818,1.4779488
"Con más estilo que dinero, pero no me desespero",0.0,0.0,1.0,0.0,0.0,0.0,,Dharius,DI,1.0,2000.0,3.3288953,0.38926727,0.3131925
"Con su caballo tordillo, frente de la plaza de armas",0.0,1.0,0.0,0.0,0.0,0.0,1980.0,Los Alegres De Terán,MO,1.0,1980.0,5.8221717,-1.6752186,2.0217004
Con sus armas en la mano,2.0,0.0,0.0,0.0,0.0,0.0,1984.0,Los Caminantes,AR,2.0,1980.0,6.804299,-0.66925544,-0.93637574
"Con sus cuatro cargadores, puro parque americano",2.0,0.0,0.0,0.0,0.0,0.0,2003.0,Los Tigres Del Norte,AR,2.0,2000.0,6.2100296,0.8012711,1.2530751
Con tu carter doble fondo,0.0,0.0,3.0,0.0,0.0,0.0,2009.0,vagón chicano,DI,3.0,2000.0,2.4883313,-0.14283918,-0.20976667
Con un balazo en el pecho era imposible escapar,2.0,0.0,0.0,0.0,0.0,0.0,2000.0,Beto Quintanilla,AR,2.0,2000.0,7.0581527,-1.7191902,-0.6769203
"Con un gallo cada quien, yeh",0.0,0.0,0.0,0.0,1.0,0.0,2019.0,La Plebada,NA,1.0,2010.0,5.357422,-1.6639233,1.9598551
"Con una en bellaquera, ma, a lo De La Geezy, perreando",0.0,2.0,2.0,0.0,0.0,0.0,2024.0,Maluma,MO,2.0,2020.0,5.0299883,-0.084267564,0.8392518
Con una morrita a un lado y en una troca perrona,0.0,1.0,2.0,0.0,0.0,0.0,2012.0,Calibre 50,DI,2.0,2010.0,5.126647,-0.07360686,1.1653781
"Conocen mi cara, soy quien tiene el mando",0.0,0.0,0.0,2.0,0.0,0.0,2022.0,Dharius,PO,2.0,2020.0,4.7723355,-0.35879132,-0.4515236
"Conozco todos, los traficantes",2.0,0.0,0.0,0.0,0.0,0.0,1988.0,Los Huracanes Del Norte,AR,2.0,1980.0,4.7614603,0.066101976,-0.7846204
"Costales verdes, kilos azules",0.0,0.0,0.0,0.0,2.0,0.0,2023.0,Peso Pluma,NA,2.0,2020.0,3.128594,1.180122,0.7303022
Cuando a caballo montaba,0.0,1.0,0.0,0.0,0.0,0.0,1978.0,Carlos Y Jose,MO,1.0,1970.0,5.741473,-1.4811916,2.1912138
Cuando da la voz de mando,0.0,0.0,0.0,2.0,0.0,0.0,2008.0,Los Tucanes De Tijuana,PO,2.0,2000.0,5.2574215,-1.0104513,-0.9333775
"Cuando llego el gatillero, montado en su camioneta",1.0,2.0,0.0,1.0,0.0,0.0,2008.0,Pesado,MO,2.0,2000.0,6.893568,0.05571693,1.6599209
"Cuando llego el pistolero, montado en su camioneta,",2.0,2.0,0.0,2.0,0.0,0.0,1983.0,Luis Y Julián,AR,2.0,1980.0,6.9448137,0.0020246864,1.5956914
"Cuando me encierro en el baño unos cuantos dias, salud con miel call it maple syrup pues parece el ligero de una mina te das un dap de esta mierda y tu cabeza gira, mira mira dolares mira ganando dolares de lunes a domingo todo el dia todo el dia",0.0,0.0,2.0,0.0,1.0,0.0,2015.0,Adan Cruz,DI,2.0,2010.0,2.8310447,0.3794397,0.103620045
Cuando un tiro de pistola,2.0,0.0,0.0,0.0,0.0,0.0,1997.0,Antonio Aguilar,AR,2.0,1990.0,7.2343388,-0.932821,-1.2422521
Cuando yo empecé me fue muy bien,0.0,0.0,1.0,0.0,1.0,0.0,2024.0,Tito Double P,DI,1.0,2020.0,4.2941227,-0.046324663,0.17092696
Cuando yo no tenía carro,0.0,1.0,0.0,0.0,0.0,0.0,2002.0,Joan Sebastian,MO,1.0,2000.0,6.241097,-0.29335308,1.8559759
Cuatro hombres habrá tirados,2.0,0.0,0.0,0.0,0.0,0.0,1980.0,Los Cadetes de Linares,AR,2.0,1980.0,6.5667615,-1.2385345,-1.1985168
"Cáele sin pedos. Sólo dime a cuanta gente traes, ok",0.0,0.0,0.0,1.0,0.0,0.0,2013.0,Tino El Pingüino,PO,1.0,2010.0,4.2728624,0.42478722,0.15744145
De ahí me cruzo pa'l gabacho por mota californiana,0.0,0.0,0.0,0.0,1.0,0.0,2022.0,Dharius,NA,1.0,2020.0,5.8642488,0.06336561,2.0646443
De arriba llego la orden,0.0,0.0,0.0,0.0,0.0,1.0,1997.0,Los Tucanes De Tijuana,GO,1.0,1990.0,4.750877,-0.5403029,-0.9523048
De calibres diferentes,1.0,0.0,0.0,0.0,0.0,0.0,1997.0,Grupo Exterminador,AR,1.0,1990.0,6.875168,-0.9476939,-1.2680213
De cruzar mi contrabando,0.0,2.0,0.0,0.0,0.0,0.0,2000.0,Exterminador,MO,2.0,2000.0,3.9415405,1.5571144,2.6520495
"De dos balazos certeros, el cráneo le atravesó",3.0,0.0,0.0,0.0,0.0,0.0,1980.0,Los Cadetes de Linares,AR,3.0,1980.0,7.152428,-1.9839885,-0.9585568
De dólares traiga pacas,0.0,0.0,2.0,0.0,0.0,0.0,,Los Tigres Del Norte,DI,2.0,2000.0,2.8018684,0.6810496,0.21085937
De gatilleros mafiosos,2.0,0.0,0.0,0.0,0.0,0.0,1996.0,Los Tucanes De Tijuana,AR,2.0,1990.0,6.6513815,-1.3729784,-1.3804389
De pues de abrirle su clave,0.0,0.0,0.0,1.0,0.0,0.0,2009.0,Sergio Vega,PO,1.0,2000.0,4.1772876,-0.94823384,-0.6349158
"Decían que estaba forrado, con un chaleco de malla",1.0,0.0,2.0,0.0,0.0,0.0,1980.0,Los Alegres De Terán,DI,2.0,1980.0,5.250735,-0.44705117,0.33365503
"Dejaba pueblos enteros, llenos de puros colgados",3.0,0.0,0.0,0.0,0.0,3.0,1980.0,Los Alegres De Terán,AR,3.0,1980.0,4.9971557,1.3758601,1.1231337
Dejaremos que hablen nuestras armas,2.0,0.0,0.0,0.0,0.0,0.0,2008.0,Los Cadetes De Linares,AR,2.0,2000.0,6.9996457,-0.7381965,-0.7355465
Descansen ya sus armas que nadie pidió una guerra,1.0,0.0,0.0,0.0,0.0,0.0,2019.0,Skool 77,AR,1.0,2010.0,6.8313255,-1.1492934,-0.2675626
Descubrí que en las calles es donde está el dinero,0.0,0.0,2.0,0.0,0.0,0.0,,Natanael Cano,DI,2.0,2000.0,2.930385,-0.32549268,-0.26869187
Desde Colombia la traen avionetas bien cargadas,0.0,2.0,0.0,0.0,2.0,0.0,1997.0,Vaquero's Musical,MO,2.0,1990.0,6.8015876,0.41749507,1.5259745
Dese muerto aunque mucho se esconda.,2.0,0.0,0.0,0.0,0.0,0.0,2012.0,Carlos Y Jose,AR,2.0,2010.0,6.1925197,-2.3967304,-0.51919043
"Después la balacera, el guilo quedaba muerto",3.0,0.0,0.0,0.0,0.0,0.0,1998.0,Chalino Sánchez,AR,3.0,1990.0,6.975425,-2.1690705,-0.83553195
"Diamante' en los dientes, Cartier en los lentes",0.0,0.0,3.0,0.0,0.0,0.0,2025.0,Natanael Cano,DI,3.0,2020.0,3.0444722,1.226623,-1.4602247
Diamantes en los arcillos,0.0,0.0,1.0,0.0,0.0,0.0,,Rich Vagos,DI,1.0,2000.0,3.0319319,1.2164885,-1.4621862
Dicen que me andan buscando,0.0,0.0,0.0,0.0,0.0,2.0,1997.0,Los Huracanes Del Norte,GO,2.0,1990.0,5.185656,-0.541547,-0.013351997
"Dicen que me andan buscando que me quieren agarrar,",0.0,0.0,0.0,0.0,0.0,2.0,2013.0,Valentín Elizalde,GO,2.0,2010.0,5.106222,-0.52552277,0.14482747
"Dicen que por california, se vio la troca mentada",0.0,1.0,0.0,0.0,0.0,0.0,1997.0,Los Huracanes Del Norte,MO,1.0,1990.0,5.3380966,0.16114697,0.8373825
"Diferentes mujeres de varios sabores, nomás no te me aloques",0.0,0.0,2.0,0.0,0.0,0.0,,Fuerza Regida,DI,2.0,2000.0,4.972032,1.2667395,-0.15786709
"Digital es el dinero, hey (yah)",0.0,0.0,1.0,0.0,0.0,0.0,,Natanael Cano,DI,1.0,2000.0,2.7597866,0.07949102,-0.3612078
Dijo el jefe de los federales,0.0,0.0,0.0,0.0,0.0,1.0,1996.0,Grupo Exterminador,GO,1.0,1990.0,5.250839,-0.6102956,-1.1191498
Dijo la esposa del jefe,0.0,0.0,0.0,1.0,0.0,0.0,1997.0,Los Tucanes De Tijuana,PO,1.0,1990.0,4.9767847,-1.0972785,-0.92658836
"Dios me perdone por matar a los que me tiran pero ninguno me lastima, gracias",2.0,0.0,0.0,0.0,0.0,0.0,2020.0,Rich Vagos,AR,2.0,2020.0,6.44541,-1.5531561,-0.37152752
"Dioses, drogas, TV, sangre, escuela, oro, odio, ego, muerte",0.0,0.0,3.0,0.0,0.0,0.0,,Mike Diaz,DI,3.0,2000.0,3.1514564,0.02081252,-0.37220433
"Dió principio la cuestión,",1.0,0.0,0.0,0.0,0.0,0.0,1985.0,Chayito Valdez,AR,1.0,1980.0,4.586735,-0.52437437,-0.23911166
Doble fondo al tanque ya está muy quemado,0.0,1.0,0.0,0.0,0.0,0.0,2013.0,El Komander,MO,1.0,2010.0,4.091038,-0.18501501,0.6826339
Dos tiros de gracia que aún me arden al acordarme,2.0,0.0,0.0,0.0,0.0,0.0,2006.0,Kartel De Las Calles,AR,2.0,2000.0,7.3829265,-1.345736,-1.3142978
Dos toneladas de mota,0.0,0.0,0.0,0.0,3.0,0.0,2008.0,Valentin Elizalde,NA,3.0,2000.0,5.971803,0.69192576,1.6181033
"Dígame, la gente del gobierno local",0.0,0.0,0.0,0.0,0.0,1.0,2006.0,Vico C,GO,1.0,2000.0,5.3445597,0.11516587,-1.7315019
Dólares se me revelan,0.0,0.0,1.0,0.0,0.0,0.0,,Los Tucanes De Tijuana,DI,1.0,2000.0,2.6580799,0.45698842,0.07577775
El Colorado se ha muerto ya nunca peleara y a los que a mi metaron ya nunca mas pelearan,2.0,0.0,0.0,0.0,0.0,0.0,2012.0,Chalino Sánchez,AR,2.0,2010.0,6.6425343,-1.5038066,-0.14153837
El amo del contrabando,0.0,2.0,0.0,0.0,0.0,0.0,2002.0,"""El Piporro""",MO,2.0,2000.0,3.9178123,1.6453404,2.7303522
El carro es rojo con blanco,0.0,1.0,0.0,0.0,0.0,0.0,1984.0,Los Cadetes De Linares,MO,1.0,1980.0,6.3915105,-0.06845773,1.9206736
El comandante le dijo te voy a llevar prisionero...,0.0,0.0,0.0,0.0,0.0,1.0,1998.0,Los Huracanes Del Norte,GO,1.0,1990.0,5.2160544,-1.5975277,-0.64245725
El contrabando es un polvo,0.0,2.0,0.0,0.0,2.0,0.0,2008.0,Valentin Elizalde,MO,2.0,2000.0,3.8686328,1.5597022,2.7057633
El de las pacas de a kilo,0.0,0.0,0.0,0.0,2.0,0.0,1998.0,Grupo Exterminador,NA,2.0,1990.0,3.417783,1.3214614,0.78228325
El dinero es lo único verdadero,0.0,0.0,3.0,0.0,0.0,0.0,,Natanael Cano,DI,3.0,2000.0,2.5481265,-0.06559662,-0.18676649
El dinero es pa gastarlo no es pa tenerlo guardado si no de que me ha servido lo mucho que he trabajado sirvanle a todos mesera no he venido a pedir fiado con billetes en la bolsa lo que me sobra es la carne el pan me lo dejan fiado lo que me falta es el hambre antes que el mundo se acabe voy a vivir a lo grande,0.0,0.0,3.0,0.0,0.0,0.0,,Grupo Exterminador,DI,3.0,2000.0,2.6689334,0.025435843,0.2691869
El dinero se guarda en maleta',0.0,0.0,2.0,0.0,0.0,0.0,,Peso Pluma,DI,2.0,2000.0,2.662131,-0.15177955,-0.111453645
"El dinero, ah",0.0,0.0,1.0,0.0,0.0,0.0,,Wisin,DI,1.0,2000.0,2.6431775,0.05830419,-0.5039496
"El gallo es de oro me rallo ahorro pa que te lo presto ni pasas el porro, pasalo pasalo pasalo",0.0,0.0,0.0,0.0,1.0,0.0,,Adan Cruz,NA,1.0,2000.0,2.8113668,0.1836863,0.39282975
"El gobierno americano, ofrece muchos millones",0.0,0.0,0.0,0.0,0.0,2.0,2008.0,Valentin Elizalde,GO,2.0,2000.0,4.907545,0.17804623,-1.8935243
El nombre jamás se supo y aquel valiente muchacho cuentan que por Michoacán alegre se anda paseando gastando muchos billetes y otro viaje preparando,0.0,0.0,3.0,0.0,0.0,0.0,,Grupo Exterminador,DI,3.0,2000.0,2.1331184,-0.08315394,-0.23495306
El plan A era generar billetes,0.0,0.0,1.0,0.0,0.0,0.0,,Peso Pluma,DI,1.0,2000.0,1.7823468,0.0031695478,-0.43664968
El polvo empezó a gustarle,0.0,0.0,0.0,0.0,1.0,0.0,2009.0,Los Cadetes De Linares,NA,1.0,2000.0,3.8133404,0.23117171,2.1566346
El polvo me quita el sueño,0.0,0.0,0.0,0.0,1.0,0.0,1996.0,Grupo Exterminador,NA,1.0,1990.0,3.883187,0.28463244,2.15108
El polvo ya ni me pasa,0.0,0.0,0.0,0.0,1.0,0.0,2024.0,Tito Double P,NA,1.0,2020.0,3.919112,0.33458698,2.0786488
"Eleazar ya maliciaba, que lo querían matar",2.0,0.0,0.0,0.0,0.0,0.0,1980.0,Los Cadetes de Linares,AR,2.0,1980.0,6.2634673,-2.102476,-0.9685257
Ella solita se tira a matar,1.0,0.0,0.0,0.0,0.0,0.0,2025.0,Natanael Cano,AR,1.0,2020.0,6.481026,-2.058439,-1.1092473
Ellos se ponen su ropa de marca,0.0,0.0,1.0,0.0,0.0,0.0,2015.0,Millonario,DI,1.0,2010.0,5.6142597,0.39300233,-0.22559072
"Empezo a empuñar dinero, tambien empuño la fama",0.0,0.0,3.0,0.0,0.0,0.0,,Valentin Elizalde,DI,3.0,2000.0,3.0816226,0.11506377,-0.63271904
En 5 y 10 mil millones,0.0,0.0,1.0,0.0,0.0,0.0,,Los Tigres Del Norte,DI,1.0,2000.0,2.358688,0.3050069,-0.2985684
"En Jiménez, la muerte encontró",1.0,0.0,0.0,0.0,0.0,0.0,1984.0,Antonio Aguilar,AR,1.0,1980.0,6.419203,-2.6493256,-1.044368
"En Nueva York, visitando a mi joyero",0.0,0.0,3.0,0.0,0.0,0.0,2022.0,Rosalía,DI,3.0,2020.0,3.1272225,1.2160262,-1.3585981
En ese real de los reyes.,0.0,0.0,1.0,0.0,0.0,0.0,2000.0,Beto Quintanilla,DI,1.0,2000.0,5.3388834,-0.11443485,0.2356766
En esto del contrabando,0.0,2.0,0.0,2.0,0.0,0.0,1998.0,El Poder Del Norte,MO,2.0,1990.0,3.9233673,1.640047,2.7374232
"En la calle la moví, cocaína",0.0,2.0,0.0,0.0,2.0,0.0,2020.0,Alemán,MO,2.0,2020.0,5.280383,-0.07786509,1.3351473
En la frontera les temen,1.0,0.0,0.0,0.0,0.0,0.0,1988.0,Los Tigres Del Norte,AR,1.0,1980.0,5.98801,-0.67700315,-0.7398498
En las cachas trae su nombre,2.0,0.0,3.0,0.0,0.0,0.0,2003.0,Chalino Sánchez,DI,3.0,2000.0,5.403778,0.54989594,-0.48600262
En los Estados Unidos alla la compran por kilos,0.0,0.0,0.0,0.0,2.0,0.0,1997.0,Vaquero's Musical,NA,2.0,1990.0,3.6216075,1.0978415,1.059302
"En medio de aquella fruta, llevaban la carga blanca",0.0,0.0,0.0,0.0,2.0,0.0,1985.0,Luis Y Julian,NA,2.0,1980.0,6.063481,0.9662026,1.3584963
En una cantina donde lo mataron,2.0,0.0,0.0,0.0,0.0,0.0,1988.0,Los Mier,AR,2.0,1980.0,6.827798,-2.5844216,-0.885731
En vez de polvo del bueno,0.0,0.0,0.0,0.0,1.0,0.0,1998.0,Los Tucanes De Tijuana,NA,1.0,1990.0,3.7917895,0.41271216,2.0742462
"Enrolla mi joint, me sirve un trago de ron",0.0,0.0,1.0,0.0,1.0,0.0,2013.0,Hood P.,DI,1.0,2010.0,4.913962,-0.47695792,0.88252115
Eran cuatro de a caballo,1.0,0.0,0.0,0.0,0.0,0.0,1988.0,Lorenzo De Monteclaro,AR,1.0,1980.0,5.7587314,-1.5491606,2.0920763
Ese león ya creó melena,0.0,0.0,0.0,2.0,0.0,0.0,2024.0,Los Invasores De Nuevo Leon,PO,2.0,2020.0,5.2643046,-1.0364617,1.4931463
Esta mercancía controla todo el terreno,0.0,0.0,0.0,0.0,2.0,0.0,2019.0,Santa Fe Klan,NA,2.0,2010.0,5.4468474,0.7701384,0.97386676
"Esta mota es de reyes, no la fuman los plebeyos",0.0,0.0,2.0,0.0,2.0,0.0,2025.0,Alemán,DI,2.0,2020.0,5.6095867,0.17676601,1.9692789
Estaban 100 federales,0.0,0.0,0.0,0.0,0.0,2.0,2024.0,Los Invasores De Nuevo Leon,GO,2.0,2020.0,5.353437,-0.48605803,-1.1218638
"Every day me la fumo, el barrio perfumo",0.0,0.0,0.0,0.0,2.0,0.0,2019.0,Santa Fe Klan,NA,2.0,2010.0,5.7694006,0.47072107,0.2199264
Fiesta y mujeres pa' variar,0.0,0.0,1.0,0.0,0.0,0.0,,Ovi,DI,1.0,2000.0,5.1013713,1.2275501,-0.18255547
"Fue comandante, en Tijuana",0.0,0.0,0.0,0.0,0.0,2.0,1998.0,Los Huracanes Del Norte,GO,2.0,1990.0,4.877281,-1.2996615,-0.7487824
Fue una batalla sin cuartel y sin tregua,2.0,0.0,0.0,0.0,0.0,3.0,2019.0,Bronco,GO,3.0,2010.0,7.035208,-1.4550208,-0.50259054
"Fumando la marihuana, pura kush en su joint",0.0,0.0,0.0,0.0,1.0,0.0,2018.0,Alemán,NA,1.0,2010.0,5.0773664,-0.50354064,1.0339203
Fórrate de dinero,0.0,0.0,3.0,0.0,0.0,0.0,,Mike Diaz,DI,3.0,2000.0,2.6708574,-0.20722617,-0.1300552
Gallina cruzada con perico,0.0,0.0,0.0,0.0,2.0,0.0,2002.0,"""El Piporro""",NA,2.0,2000.0,5.2332234,-1.3485734,1.7427584
General ya no sea tan violento,0.0,0.0,0.0,0.0,0.0,2.0,2013.0,El Komander,GO,2.0,2010.0,4.09375,0.5436203,0.7632753
Gonzalo la gente anda activa,0.0,0.0,0.0,1.0,0.0,0.0,2013.0,Voz De Mando,PO,1.0,2010.0,5.534038,0.070544004,-0.5432653
Gonzalo tira una granada,3.0,0.0,0.0,0.0,0.0,0.0,2013.0,Voz De Mando,AR,3.0,2010.0,7.061226,-0.70281297,-1.266529
Guanajuato sin ley hasta la muerte reales,3.0,0.0,0.0,0.0,0.0,3.0,2021.0,Denilson,AR,3.0,2020.0,6.4147987,-2.1310925,-0.43831667
"Ha muerto Santos Cantu, lo matan los federales",2.0,0.0,0.0,0.0,0.0,1.0,1988.0,Carlos Y José,AR,2.0,1980.0,6.7464437,-2.5638325,-0.92543834
Hacía estragos con su rifle,2.0,0.0,0.0,0.0,0.0,0.0,1996.0,Los Invasores De Nuevo León,AR,2.0,1990.0,7.081257,-0.65042436,-0.94963056
Hay caballos muy ligeros,0.0,1.0,0.0,0.0,0.0,0.0,2000.0,Ramon Ayala Y Sus Bravos Del Norte,MO,1.0,2000.0,5.660276,-1.5732664,2.1494439
Hay conectes y hay billetes,0.0,0.0,2.0,2.0,0.0,0.0,2024.0,Tito Double P,DI,2.0,2020.0,1.71691,-0.01214881,-0.2741828
"Hay que matar a Rodríguez, traigo órdenes del gobierno",2.0,0.0,0.0,0.0,0.0,2.0,2008.0,Chalino Sánchez,AR,2.0,2000.0,5.872306,-2.0070963,-0.7739341
Hizo coca transparente,0.0,0.0,0.0,0.0,2.0,0.0,2007.0,Los Tigres Del Norte,NA,2.0,2000.0,5.0854545,-0.040013283,1.6702106
Hombre de mucho dinero,0.0,0.0,1.0,0.0,0.0,0.0,,Antonio Aguilar,DI,1.0,2000.0,2.9831812,0.30058417,-0.8875562
Hombre entre los hombres,0.0,0.0,0.0,1.0,0.0,0.0,1984.0,Antonio Aguilar,PO,1.0,1980.0,5.597417,-0.14577192,-0.46664077
Hombres a carta cabal,0.0,0.0,0.0,1.0,0.0,0.0,1988.0,Carlos Y José,PO,1.0,1980.0,6.443174,-1.0431192,-1.0898008
Hoy me la paso disfrutando con la clika,0.0,0.0,0.0,1.0,0.0,0.0,2018.0,Dharius,PO,1.0,2010.0,4.4057975,-0.37177196,0.5499528
Huele a carne quemada,3.0,0.0,0.0,0.0,0.0,0.0,2012.0,Millonario & W. Corona,AR,3.0,2010.0,5.3895497,0.07782213,0.5256123
Juan llego en su camioneta,0.0,1.0,0.0,0.0,0.0,0.0,2012.0,Chalino Sánchez,MO,1.0,2010.0,6.818735,0.027484449,1.7916244
"La calle nos dio dinero, nos quitó lo que más queremos",0.0,0.0,3.0,0.0,0.0,0.0,,Alemán,DI,3.0,2000.0,2.9683888,-0.21645594,-0.45620084
"La carga llego a Chicago, contentos están los gringos,",0.0,0.0,0.0,3.0,0.0,0.0,1998.0,Los Huracanes Del Norte,PO,3.0,1990.0,6.172968,0.94415915,1.237362
"La carga ya va volando, allá por la 83",0.0,2.0,0.0,0.0,2.0,0.0,1985.0,Luis Y Julian,MO,2.0,1980.0,6.1899314,0.9188184,1.3001723
La chota no me cacha si muevo kilos en lancha (por el mar),0.0,3.0,0.0,0.0,0.0,3.0,2020.0,Alemán,MO,3.0,2020.0,3.7485356,0.9617926,0.85271454
"La clave el apoyo, siguen avanzando",0.0,0.0,0.0,2.0,0.0,0.0,2013.0,El Komander,PO,2.0,2010.0,4.1696744,0.23450086,-0.7903481
La gente de los pueblos es la que va a luchar,0.0,0.0,2.0,0.0,0.0,0.0,2018.0,Calo,DI,2.0,2010.0,5.1859436,0.25836384,-1.6270034
"La hookah, las pastilla' y un blunt",0.0,0.0,0.0,0.0,1.0,0.0,2025.0,Bad Bunny,NA,1.0,2020.0,4.4029207,0.008538246,1.2261077
"La huella me andan pisando, pero que den conmigo",0.0,0.0,0.0,0.0,0.0,2.0,2022.0,Dharius,GO,2.0,2020.0,5.083509,-0.40288442,-0.06761245
"La ley quiere detenerlo,",0.0,0.0,0.0,0.0,0.0,2.0,2007.0,Los Tucanes De Tijuana,GO,2.0,2000.0,5.50356,-1.2647636,0.096643865
La ley recojio la carga,0.0,0.0,0.0,0.0,2.0,3.0,1997.0,Los Tucanes De Tijuana,GO,3.0,1990.0,6.142373,1.0674862,1.2879303
La mafia tira a matar,1.0,0.0,0.0,1.0,0.0,0.0,1996.0,Los Tucanes De Tijuana,AR,1.0,1990.0,6.3777857,-2.0963197,-1.1545898
La marca del barrio es la dueña,0.0,0.0,0.0,1.0,0.0,0.0,2012.0,Millonario & W. Corona,PO,1.0,2010.0,5.7772503,0.5017334,-0.40105814
La muerte del Pela Vacas,1.0,0.0,0.0,0.0,0.0,0.0,2012.0,Chalino Sánchez,AR,1.0,2010.0,6.5755053,-2.4655726,-0.9044256
La muerte en puros billetes,1.0,0.0,1.0,0.0,0.0,0.0,2012.0,Chalino Sánchez,AR,1.0,2010.0,1.7865897,-0.21759048,-0.34121582
"La policía solo halló, una pistola tirada",2.0,0.0,0.0,0.0,0.0,1.0,1976.0,Ramon Ayala,AR,2.0,1970.0,7.3716645,-0.83165646,-1.1266624
La trampa estaba tendida,2.0,0.0,0.0,0.0,0.0,0.0,1996.0,Los Tucanes De Tijuana,AR,2.0,1990.0,5.3829412,-0.35624143,0.76222205
"Las apuestas eran grandes, volaba mucho dinero",0.0,0.0,2.0,0.0,0.0,0.0,,Los Huracanes Del Norte,DI,2.0,2000.0,2.810184,0.29361624,-0.8877309
"Las balas le botaban, mientras el se carcajeaba",2.0,0.0,0.0,0.0,0.0,0.0,1980.0,Los Alegres De Terán,AR,2.0,1980.0,7.142424,-1.54948,-0.915828
Las cuatro llantas cambiarón,0.0,2.0,0.0,0.0,0.0,0.0,1988.0,Lorenzo De Monteclaro,MO,2.0,1980.0,5.924927,0.01565114,1.0654719
Las mujeres y la banda siempre han sido su pasion,0.0,0.0,2.0,0.0,0.0,0.0,,Chalino Sánchez,DI,2.0,2000.0,5.6414685,1.1193907,-0.26618686
"Las máquinas cuentan dinero, cuando hay que accionar",0.0,1.0,3.0,0.0,0.0,0.0,,Dharius,DI,3.0,2000.0,2.303608,-0.2609021,-0.078320466
Le dieron 15 balazos la nena logro salvarla,3.0,0.0,0.0,0.0,0.0,0.0,2003.0,Los Tucanes De Tijuana,AR,3.0,2000.0,7.328168,-1.3624166,-1.4219567
Le dije que me aguante mientras hago la misión,0.0,0.0,0.0,1.0,0.0,0.0,2021.0,Denilson,PO,1.0,2020.0,5.049139,-1.4436246,-0.51148146
Le falló la resistencia.,0.0,0.0,0.0,1.0,0.0,0.0,1985.0,Chayito Valdez,PO,1.0,1980.0,5.792225,-1.3391333,-0.057105996
Le mandaron un agente,0.0,0.0,0.0,0.0,0.0,2.0,1996.0,Grupo Laberinto,GO,2.0,1990.0,5.282934,-1.3210843,-0.42114666
Le quitó la silla y se fue a puro pelo,0.0,2.0,0.0,0.0,0.0,0.0,1983.0,José Alfredo Jiménez,MO,2.0,1980.0,5.7562227,-1.1760577,0.07899242
Les descargué la pistola,2.0,0.0,0.0,0.0,0.0,0.0,2012.0,Chalino Sánchez,AR,2.0,2010.0,7.255876,-0.71448725,-1.0552793
Les dieron polvo de trigo,0.0,0.0,0.0,0.0,1.0,0.0,1998.0,Los Tucanes De Tijuana,NA,1.0,1990.0,3.8534417,0.3814666,2.1140447
"Llamado el emisario, aliado de la muerte",1.0,0.0,0.0,0.0,0.0,0.0,2002.0,Cartel De Santa,AR,1.0,2000.0,6.018113,-2.2313442,-0.9507021
"Llegó el patrón, atención, todos a cambiar",0.0,0.0,0.0,2.0,0.0,0.0,2018.0,Alemán,PO,2.0,2010.0,5.43696,-0.24482192,-0.08505478
Llevamos treinta millones,0.0,0.0,3.0,0.0,0.0,0.0,2012.0,Jenni Rivera,DI,3.0,2010.0,2.543285,0.33315077,-0.21871807
Lleven sus cargas señores,0.0,0.0,0.0,0.0,1.0,0.0,2012.0,Carlos Y Jose,NA,1.0,2010.0,6.104849,0.9960343,0.9144593
"Lo acribillaron, a tiros",3.0,0.0,0.0,0.0,0.0,0.0,1998.0,Los Huracanes Del Norte,AR,3.0,1990.0,6.9372077,-2.3376954,-0.7692874
Lo ha visto tu gente en la calle y los noticieros,0.0,0.0,0.0,1.0,0.0,0.0,2012.0,C-Kan,PO,1.0,2010.0,5.020171,-0.41837645,-0.6768923
"Lo que si les aseguro, que la carga fue entregada",0.0,2.0,0.0,0.0,2.0,0.0,1998.0,Los Huracanes Del Norte,MO,2.0,1990.0,6.0386825,0.88736707,0.95254433
"Loco, si gastas siempre con el blunt, blunt",0.0,0.0,0.0,0.0,1.0,0.0,2018.0,Alemán,NA,1.0,2010.0,4.251155,0.021195624,1.1088432
Los acechaba la muerte,2.0,0.0,0.0,0.0,0.0,0.0,1998.0,Los Traileros Del Norte,AR,2.0,1990.0,6.490692,-2.379189,-1.0940592
Los diamantes en el motor del carro (en el clavo),0.0,0.0,3.0,0.0,0.0,0.0,,Alemán,DI,3.0,2000.0,2.9735708,1.270085,-1.5273874
Los dos traiban' sus pistolas,2.0,0.0,0.0,0.0,0.0,0.0,2007.0,Pedro Infante,AR,2.0,2000.0,7.2156982,-0.71092445,-1.1012294
Los gallos y las mujeres,0.0,0.0,1.0,0.0,0.0,0.0,,Los Tigres Del Norte,DI,1.0,2000.0,5.3324437,-1.5904096,1.9149034
Los gobiernos de ambos lados,0.0,0.0,0.0,0.0,0.0,2.0,1985.0,Los Broncos De Reynosa,GO,2.0,1980.0,5.4428325,0.25416076,-1.7766565
"Los radios suenan y suenan, pero yo siempre ando alerta",0.0,0.0,0.0,1.0,0.0,0.0,2022.0,"Peso Pluma, Natanael Cano, Gabito Ballesteros",PO,1.0,2020.0,5.985689,-0.0031728009,-0.2019733
Los siguió la federal,0.0,0.0,0.0,0.0,0.0,1.0,1976.0,Los Cadetes De Linares,GO,1.0,1970.0,5.3334894,-0.6197637,-0.84217167
Los tres cuerpos heridos de muerte.,2.0,0.0,0.0,0.0,0.0,0.0,1988.0,Maria De Lourdes,AR,2.0,1980.0,6.7473607,-2.4307806,-1.060421
"Los únicos que no saben, es la gente del gobierno",0.0,0.0,0.0,0.0,0.0,3.0,1998.0,Los Huracanes Del Norte,GO,3.0,1990.0,5.2802415,0.19004968,-1.8122355
Luego le pusieron cola,2.0,0.0,0.0,2.0,0.0,2.0,1997.0,Banda Sinaloense Los Recoditos,AR,2.0,1990.0,5.717384,-1.2486957,-0.17233059
"MI MUJER Y MI PISTOLA""",1.0,0.0,1.0,0.0,0.0,0.0,2006.0,Antonio Aguilar,AR,1.0,2000.0,7.227688,-0.35726896,-1.0965644
"Mando llamar los empleados, para que lo desarmaran",1.0,0.0,0.0,2.0,0.0,0.0,1980.0,Los Cadetes de Linares,PO,2.0,1980.0,5.1129045,-1.28962,-0.7514231
Mando traer la policía,0.0,0.0,0.0,0.0,0.0,1.0,1976.0,Carlos Y Jose,GO,1.0,1970.0,5.3371363,-1.2428346,-0.612595
Mas nunca descuido el jale,0.0,0.0,0.0,2.0,0.0,0.0,2008.0,Valentin Elizalde,PO,2.0,2000.0,6.5240107,0.1396306,-0.23543699
Matando cuatro y al cuñado de mi novia,1.0,0.0,0.0,0.0,0.0,0.0,1983.0,Los Tigres Del Norte,AR,1.0,1980.0,6.5669675,-1.768932,-1.0830791
Me amanezco gastando dinero,0.0,0.0,2.0,0.0,0.0,0.0,,Tito Double P,DI,2.0,2000.0,2.9174318,0.06576463,-0.1699543
Me bajé de la camioneta,0.0,1.0,0.0,0.0,0.0,0.0,2019.0,Redimi2,MO,1.0,2010.0,6.5822206,-0.06562205,1.9316992
"Me enamoró el dinero, quiero, quiero y quiero más",0.0,0.0,3.0,0.0,0.0,0.0,,"Junior H, Peso Pluma",DI,3.0,2000.0,3.2122104,0.008221944,-0.30740368
"Me maman las putas, nadar en el polvo lavado",0.0,0.0,1.0,0.0,1.0,0.0,2025.0,Fuerza Regida,DI,1.0,2020.0,3.8849683,0.37073722,2.0851934
Me quedan dos en la carga y tres en la carrillera,2.0,0.0,0.0,0.0,0.0,0.0,2000.0,Beto Quintanilla,AR,2.0,2000.0,6.2788568,0.5891107,1.3140702
"Me refiero a todos ellos, federales de camino",0.0,0.0,0.0,0.0,0.0,1.0,1988.0,Carlos Y José,GO,1.0,1980.0,5.21543,-0.3358289,-1.1500313
"Mi dinero, y mi pistola",1.0,0.0,1.0,0.0,0.0,0.0,1972.0,Vicente Fernàndez,AR,1.0,1970.0,7.245001,-0.5819432,-1.1493946
Mi gente es su gente y yo le hago esquina,0.0,0.0,0.0,1.0,0.0,0.0,2013.0,Voz De Mando,PO,1.0,2010.0,4.716173,0.12566659,-0.8994064
Mi gente sigue mandando,0.0,0.0,0.0,3.0,0.0,0.0,1997.0,Grupo Exterminador,PO,3.0,1990.0,4.6058984,0.07297206,-0.82890433
"Mi gente y yo nos fajamos, rodeados de federales",1.0,0.0,0.0,0.0,0.0,1.0,2008.0,Valentin Elizalde,AR,1.0,2000.0,5.2381406,-0.20996502,-0.9874252
Mi libreta está repleta y tengo bien clara mi meta,0.0,0.0,1.0,0.0,1.0,0.0,2020.0,Dharius,DI,1.0,2020.0,4.3121004,-0.17480746,-0.12954311
"Mija, súbete a la troca",0.0,1.0,0.0,0.0,0.0,0.0,2024.0,Tito Double P,MO,1.0,2020.0,5.279908,0.27276313,0.79198503
"Mis compás me dicen vuelale, correle por esos dolares, por esos dolares yo volare,",0.0,0.0,3.0,0.0,0.0,0.0,,Adan Cruz,DI,3.0,2000.0,2.7388523,0.40651587,0.24821937
"Moviendo bien el ice, everywhere me han de mirar",0.0,2.0,2.0,0.0,2.0,0.0,2022.0,"Peso Pluma, Natanael Cano, Gabito Ballesteros",MO,2.0,2020.0,4.7903447,-0.10620204,-0.014987039
Mucho dinero joyas y carros,0.0,1.0,2.0,0.0,0.0,0.0,,Voz De Mando,DI,2.0,2000.0,2.8907902,0.53516847,-0.90486974
Mujeres que andan con ellos,0.0,0.0,1.0,0.0,0.0,0.0,2013.0,Voz De Mando,DI,1.0,2010.0,5.3439527,1.0018046,0.04749103
Mujeres tengo de sobra,0.0,0.0,2.0,0.0,0.0,0.0,2003.0,Los Tucanes De Tijuana,DI,2.0,2000.0,4.855895,1.1102499,-0.23756151
"Musica, vino y mujeres",0.0,0.0,2.0,0.0,0.0,0.0,,Los Tucanes De Tijuana,DI,2.0,2000.0,5.1843133,1.3282602,-0.22389995
"Muy bien plantado, y con camioneta",0.0,1.0,0.0,0.0,0.0,0.0,1980.0,Los Cadetes de Linares,MO,1.0,1980.0,6.5868464,0.16479088,1.6999825
"Muy caro el reloj, muy brillante por los diamantes que tiene",0.0,0.0,2.0,0.0,0.0,0.0,2022.0,Fuerza Regida,DI,2.0,2020.0,2.9865265,1.1279283,-1.4244258
Más de treinta gatilleros,3.0,0.0,0.0,0.0,0.0,0.0,1997.0,Los Tucanes De Tijuana,AR,3.0,1990.0,6.8798056,-1.291862,-1.4259402
Negocian con puro jefe,0.0,0.0,0.0,2.0,0.0,0.0,1998.0,Los Tucanes De Tijuana,PO,2.0,1990.0,4.563016,-0.5783129,-0.9141441
Ni yo ni mi gente podremos permitir,0.0,0.0,0.0,2.0,0.0,0.0,2006.0,Vico C,PO,2.0,2000.0,4.7481284,0.09699788,-0.88942605
Ninguna ley del gobierno,0.0,0.0,0.0,0.0,0.0,3.0,2024.0,Los Invasores De Nuevo Leon,GO,3.0,2020.0,6.6164036,-1.1587266,0.21336122
"No hay pedo, ya no falta el dinero",0.0,0.0,2.0,0.0,0.0,0.0,2024.0,Eme MalaFe,DI,2.0,2020.0,3.0873852,0.19577459,0.005085606
No importa de 'onde sale mientras llene los barriles,0.0,0.0,1.0,0.0,1.0,0.0,2015.0,Millonario,DI,1.0,2010.0,5.9616003,0.93444484,0.7289547
"No las cambio ni al kilo ni vendo,",0.0,0.0,0.0,0.0,1.0,0.0,2002.0,"""El Piporro""",NA,1.0,2000.0,3.7575133,0.9340245,0.66268146
No quieras hacerte el héroe es por tu bien muchachito te puede costar la vida si no me entregas los kilos estas retando al gobierno y ese es un grabe delito,1.0,0.0,0.0,0.0,2.0,1.0,1997.0,Grupo Exterminador,NA,2.0,1990.0,3.65221,0.9407356,0.85660404
"No se preocupen, plebes, que cargan buen equipo",1.0,0.0,0.0,0.0,0.0,0.0,2022.0,Natanael Cano,AR,1.0,2020.0,5.9747424,0.9401657,0.7159079
No tengo millones pero tengo demandas por dos,0.0,0.0,1.0,0.0,0.0,0.0,2023.0,Blnko,DI,1.0,2020.0,2.4821374,0.041801047,0.10445541
No todo es amor y paz en el humo de tu bong,0.0,0.0,0.0,0.0,1.0,0.0,2020.0,Alemán,NA,1.0,2020.0,4.8484025,-0.5189151,1.1880716
"No trabajo en nada, yo soy mi producto y dueño",0.0,0.0,0.0,2.0,2.0,0.0,2020.0,Kosmer,PO,2.0,2020.0,3.7753627,0.7390057,0.25713992
"No traigo mota, ni tampoco molly (Molly)",0.0,0.0,0.0,0.0,2.0,0.0,2018.0,Alemán & Adán Cruz,NA,2.0,2010.0,5.6999593,0.055561855,1.973693
"Nunca he disparado un arma, ni he visto junto un millon",2.0,0.0,1.0,0.0,0.0,0.0,2015.0,Faruz Feet,AR,2.0,2010.0,6.749556,-1.0446782,0.26688612
Otra vez ando con los plebes,0.0,0.0,0.0,1.0,0.0,0.0,2019.0,La Plebada,PO,1.0,2010.0,4.4428606,0.051915478,-0.16930583
"Otra vez ando pedo, chúfulas, dinero",0.0,0.0,1.0,0.0,1.0,0.0,,Fuerza Regida,DI,1.0,2000.0,3.3820577,-0.08540855,-0.24020594
Pa' celebrar como se debe,0.0,0.0,1.0,0.0,0.0,0.0,2019.0,La Plebada,DI,1.0,2010.0,5.0116796,0.6651178,-0.52422094
"Pa' mi gente buena, ellos ordenan",0.0,0.0,0.0,2.0,0.0,0.0,2014.0,Wisin,PO,2.0,2010.0,4.6428947,-0.037367117,-1.0379034
Pa' que este de mi medida,0.0,0.0,2.0,0.0,0.0,0.0,1972.0,Vicente Fernàndez,DI,2.0,1970.0,4.5107036,0.3435734,-0.507879
"Pacas verdes, los Rolex se ven brillando",0.0,0.0,3.0,0.0,0.0,0.0,2023.0,"Peso Pluma, Eladio Carrion",DI,3.0,2020.0,3.1288633,1.2110773,-1.3759081
Para hacer dinero hay mil maneras,0.0,0.0,1.0,0.0,0.0,0.0,,Alemán,DI,1.0,2000.0,2.6332045,-0.34858084,-0.3487202
Para perderse en las nubes con su carga llegaría,0.0,2.0,0.0,0.0,1.0,0.0,2008.0,Valentin Elizalde,MO,2.0,2000.0,6.206498,0.8882467,1.3732657
Para poder darte caza,2.0,0.0,0.0,0.0,0.0,2.0,1988.0,Los Huracanes Del Norte,AR,2.0,1980.0,4.873736,-0.8044593,0.50722605
Para poder defenderme,1.0,0.0,0.0,0.0,0.0,0.0,1984.0,Los Temerarios,AR,1.0,1980.0,4.9592233,-0.8847847,0.16224977
Para que a mí me detengan,0.0,0.0,0.0,0.0,0.0,2.0,1997.0,Banda Sinaloense Los Recoditos,GO,2.0,1990.0,5.0231447,-1.0148348,0.085017435
Para que los registraran,0.0,0.0,0.0,0.0,0.0,2.0,1988.0,Lorenzo De Monteclaro,GO,2.0,1980.0,4.9848695,-0.9854203,0.056589954
"Para que sepa', ya contamo' un millón, oh (¡Ya!)",0.0,0.0,1.0,0.0,0.0,0.0,2020.0,Alemán,DI,1.0,2020.0,2.0254245,0.27359527,-0.06999009
"Pelado más culero, ya vieron que carga fiero",1.0,0.0,0.0,0.0,0.0,0.0,2006.0,Cartel De Santa,AR,1.0,2000.0,6.2497087,0.87052435,1.1782993
Pero con el contrabando,0.0,2.0,0.0,0.0,2.0,0.0,1976.0,Los Cadetes De Linares,MO,2.0,1970.0,3.9300015,1.6426108,2.72811
Pero defendió su gente,0.0,0.0,0.0,1.0,0.0,0.0,1988.0,Lorenzo De Monteclaro,PO,1.0,1980.0,5.1220717,0.23733236,-1.1262966
Pero no de hierba mala,0.0,0.0,0.0,0.0,1.0,0.0,1997.0,Los Tucanes De Tijuana,NA,1.0,1990.0,3.9839144,0.5088656,1.1353858
Pero por el dinero hay que buscar otro camino,0.0,0.0,1.0,0.0,0.0,0.0,,Kartel De Las Calles,DI,1.0,2000.0,2.8128555,-0.34206438,-0.527132
"Pero si la quiere toda, con sus hombres yo me mato",2.0,0.0,0.0,2.0,0.0,0.0,2003.0,Los Tigres Del Norte,AR,2.0,2000.0,6.084547,-1.9601527,-0.8966542
"Perseguido día tras día, no vivía tranquilo",0.0,0.0,0.0,0.0,0.0,2.0,2006.0,Kartel De Las Calles,GO,2.0,2000.0,5.8008685,-0.8753053,-0.28449392
Pieza clave del negocio,0.0,0.0,0.0,1.0,0.0,0.0,2012.0,Calibre 50,PO,1.0,2010.0,3.9557736,0.14265238,-0.70063585
Pistola en mano se le echaron de a montón,2.0,0.0,0.0,2.0,0.0,2.0,1980.0,Various,AR,2.0,1980.0,7.070503,-0.8759354,-1.0453568
Polarizado y me prendo un gallón,0.0,1.0,0.0,0.0,1.0,0.0,2021.0,Gerardo Ortiz,MO,1.0,2020.0,4.405019,-0.31008747,0.76803535
"Polvito rosa, plumita de wax",0.0,0.0,0.0,0.0,1.0,0.0,2023.0,Peso Pluma,NA,1.0,2020.0,3.8326907,0.3646114,2.124232
Polvo y un poco de Molly,0.0,0.0,0.0,0.0,1.0,0.0,2020.0,Rich Vagos,NA,1.0,2020.0,3.8852987,0.302087,2.1370554
Por causa de ochenta kilos,0.0,0.0,0.0,0.0,3.0,0.0,1997.0,Los Tucanes De Tijuana,NA,3.0,1990.0,3.6440542,1.2396791,0.79696816
Por eso ahora no es lo mismo que tú vayas soñando en tu carro,0.0,1.0,0.0,0.0,0.0,0.0,2000.0,7 Notas 7 Colores,MO,1.0,2000.0,6.216022,-0.32385033,1.8127596
Por las buenas o a balazos,2.0,0.0,0.0,0.0,0.0,0.0,2014.0,Los Tucanes De Tijuana,AR,2.0,2010.0,7.1970835,-1.5039376,-1.0942189
Por no decir que millones,0.0,0.0,1.0,0.0,0.0,0.0,,Luis Y Julian,DI,1.0,2000.0,2.2584229,0.34762323,-0.07062734
Por que si aquí no traes arma,1.0,0.0,0.0,0.0,0.0,0.0,1996.0,Grupo Exterminador,AR,1.0,1990.0,6.6297603,-0.26597226,-1.1394217
Porque de él no han agarrado ni un carro la policía,0.0,0.0,0.0,0.0,0.0,2.0,2008.0,Valentin Elizalde,GO,2.0,2000.0,6.6846647,-1.0721589,0.3785514
"Porque el bíper ta sonando, los güeros quieren más carga",0.0,2.0,0.0,0.0,2.0,0.0,1998.0,Grupo Exterminador,MO,2.0,1990.0,6.227071,0.8716337,0.8989343
Porque era mucho dinero,0.0,0.0,1.0,0.0,0.0,0.0,,Banda Sinaloense Los Recoditos,DI,1.0,2000.0,2.6994545,0.1725141,-0.8198437
Porque si fumo hierba solo es para inspiracion,0.0,0.0,0.0,0.0,1.0,0.0,2015.0,Faruz Feet,NA,1.0,2010.0,5.241999,-0.5039449,1.3280118
"Procedente de Colombia, una avioneta llegaba,",0.0,2.0,0.0,0.0,0.0,0.0,1998.0,Los Invasores De Nuevo Leon,MO,2.0,1990.0,6.874511,0.2536307,1.653851
"Procedentes de Colombia, una avioneta llegaba,",0.0,1.0,0.0,0.0,0.0,0.0,2000.0,Los Cadetes De Linares,MO,1.0,2000.0,6.903659,0.34477586,1.5723258
Puedes darte muchos lujos el torsal ya me refleja,0.0,0.0,2.0,0.0,0.0,0.0,,"Natanael Cano, Junior H, Dan Sanchez",DI,2.0,2000.0,3.444965,0.057827003,0.23270845
"Puercos vendidos, coyotes bandidos",0.0,0.0,0.0,0.0,0.0,3.0,2014.0,C-Kan,GO,3.0,2010.0,3.089862,-0.557918,-0.31602982
Pues según la ley ocho tiros legales,2.0,0.0,0.0,0.0,0.0,0.0,1996.0,Illya Kuryaki & The Valderramas,AR,2.0,1990.0,6.9869237,-1.0289805,-1.4226593
Pues ya saben la camisa que me cargo,0.0,0.0,2.0,2.0,0.0,0.0,2023.0,"Peso Pluma, Eladio Carrion",DI,2.0,2020.0,4.9458914,0.35728553,0.31654975
Póngase bien vergas que cargo el cuernón,1.0,0.0,0.0,0.0,0.0,0.0,2022.0,"Fuerza Regida, Natanael Cano",AR,1.0,2020.0,5.7441525,1.4017844,1.0934801
Que a la muerte se acercaban,1.0,0.0,0.0,0.0,0.0,0.0,1988.0,Joan Sebastian,AR,1.0,1980.0,6.431761,-2.397414,-1.1172235
Que al preso que ahí encerraran,1.0,0.0,0.0,2.0,0.0,2.0,2003.0,Conjunto Primavera,PO,2.0,2000.0,5.5410495,-1.962102,-0.53728604
Que andaba en malos pasos,1.0,0.0,0.0,0.0,0.0,0.0,2007.0,Los Tigres Del Norte,AR,1.0,2000.0,5.64721,-0.348672,0.7479715
Que aun lo extraña su gente,0.0,0.0,0.0,1.0,0.0,0.0,1998.0,Chalino Sánchez,PO,1.0,1990.0,5.148024,-0.5730867,-0.731544
Que dice usted y su gente,0.0,0.0,0.0,2.0,0.0,0.0,2015.0,C-Kan,PO,2.0,2010.0,4.9046063,-0.49316022,-0.9585224
Que el gobierno respetaba,0.0,0.0,0.0,0.0,0.0,3.0,1984.0,Antonio Aguilar,GO,3.0,1980.0,5.2251673,0.3120346,-1.4193255
Que es por el polvo maldito,0.0,0.0,0.0,0.0,1.0,0.0,1997.0,Luis Y Julian,NA,1.0,1990.0,3.7761986,0.3720412,2.225255
Que la carga no servía,0.0,0.0,0.0,2.0,0.0,0.0,1998.0,Los Tucanes De Tijuana,PO,2.0,1990.0,6.050428,0.98761386,1.2213908
Que le llevaran 100 kilos de su yerba la mejor,0.0,0.0,0.0,0.0,2.0,0.0,2008.0,Valentin Elizalde,NA,2.0,2000.0,4.6632333,1.2436163,1.3452893
Que lo mato cara a cara,2.0,0.0,0.0,0.0,0.0,0.0,1998.0,El As De La Sierra,AR,2.0,1990.0,6.679647,-2.2727757,-0.6572098
Que lo mató cara a cara,2.0,0.0,0.0,0.0,0.0,0.0,1996.0,Grupo Laberinto,AR,2.0,1990.0,6.7129774,-2.5421178,-0.7501046
Que nadie pudo escapar,1.0,0.0,0.0,0.0,0.0,0.0,1997.0,El As De La Sierra,AR,1.0,1990.0,6.9382486,-1.3257203,-0.2334011
Que se escuchen recio corridos de polvo,0.0,0.0,0.0,0.0,1.0,0.0,2020.0,Junior H,NA,1.0,2020.0,4.060718,0.17144927,2.0368528
Que si tengo o no tengo dinero,0.0,0.0,1.0,0.0,0.0,0.0,2018.0,Alemán & Adán Cruz,DI,1.0,2010.0,2.6050081,-0.16526252,0.21564002
Que sigan llegando las pacas,0.0,0.0,1.0,0.0,0.0,0.0,,Chino Pacas,DI,1.0,2000.0,5.4076405,2.4407942,1.1051397
"Que sigan llegando las pacas, carnal",0.0,0.0,2.0,0.0,2.0,0.0,2025.0,Chino Pacas,DI,2.0,2020.0,5.4116783,2.4725935,1.0994624
"Que sigan llegando las pacas, mi compa Alejandro",0.0,0.0,2.0,0.0,0.0,0.0,,Chino Pacas,DI,2.0,2000.0,5.406481,2.4875243,1.0653903
"Que sigan tronando las pacas, viejo",0.0,0.0,2.0,0.0,0.0,0.0,,Peso Pluma,DI,2.0,2000.0,5.4129477,2.3736928,1.1146245
Que su familia fue la el precio pago,2.0,0.0,0.0,0.0,0.0,0.0,2021.0,Gerardo Ortiz,AR,2.0,2020.0,2.6963363,0.67510176,-0.43735063
Que traigo plomo pa tirar,1.0,0.0,0.0,0.0,0.0,0.0,2020.0,Junior H,AR,1.0,2020.0,4.6052556,-0.5771915,1.3246167
"Que yo no amarro, que yo las pongo en nómina",0.0,0.0,0.0,2.0,0.0,0.0,2024.0,Maluma,PO,2.0,2020.0,3.796157,0.57746935,0.6297947
"Quedé tendido, pues llegando me fusilaron",3.0,0.0,0.0,0.0,0.0,0.0,2024.0,Tito Double P,AR,3.0,2020.0,7.0351863,-1.9442344,-0.8832545
Quería dinero en la mano,0.0,0.0,1.0,0.0,0.0,0.0,,Chino Pacas,DI,1.0,2000.0,3.1527243,-0.4060742,-0.025236597
Quieren cortar cabezas pero se quedan sin filo,2.0,0.0,0.0,2.0,0.0,0.0,2020.0,Primero Company,AR,2.0,2020.0,6.100565,-0.74996006,-0.9994423
Quiero juntar un dinero aunque,0.0,0.0,1.0,0.0,0.0,0.0,,Los Tigres Del Norte,DI,1.0,2000.0,2.654235,-0.30614173,0.052355316
"Quiero mucha mota, más bien, un chingo",0.0,0.0,0.0,0.0,1.0,0.0,2020.0,Alemán,NA,1.0,2020.0,5.340431,-0.139787,1.9509286
Quiero prender ese bong,0.0,0.0,0.0,0.0,1.0,0.0,2020.0,Rich Vagos,NA,1.0,2020.0,4.7683454,-0.6850716,1.0102327
Qué me gasto mi dinero en lo que quiero y como quiero y que te importa,0.0,0.0,1.0,0.0,0.0,0.0,,Calibre 50,DI,1.0,2000.0,3.071732,0.06504594,-0.07342197
Rayando el caballo frente de la plaza,0.0,1.0,0.0,0.0,0.0,0.0,2006.0,Antonio Aguilar,MO,1.0,2000.0,5.7900605,-1.6032631,2.02687
RecibÃ un bachillerato en Ciencias del Contrabando.,0.0,1.0,0.0,0.0,0.0,0.0,2012.0,Jenni Rivera,MO,1.0,2010.0,3.8668356,1.6289439,2.6589215
Respeta el cariño que traigo pistola,1.0,0.0,0.0,0.0,0.0,0.0,1980.0,Carlos Y Jose,AR,1.0,1980.0,7.13919,-0.4345967,-1.1128097
Rodeado de mujeres bellas,0.0,0.0,2.0,0.0,0.0,0.0,,Dharius,DI,2.0,2000.0,5.1795273,1.1858644,-0.14193493
Rolen la bolsa pa'l otro lado,0.0,0.0,0.0,0.0,1.0,0.0,2022.0,Fuerza Regida,NA,1.0,2020.0,2.6265066,-0.40901557,-0.6103458
Róbate mi tema yo te robo tu carro,0.0,1.0,0.0,0.0,0.0,0.0,2012.0,Millonario & W. Corona,MO,1.0,2010.0,6.1825294,-0.29189864,1.9655553
Sabía manejar las armas,2.0,0.0,0.0,0.0,0.0,0.0,2008.0,Chalino Sánchez,AR,2.0,2000.0,6.6686554,-0.6305812,-0.7564198
Sabían que andando a caballo,0.0,1.0,0.0,0.0,0.0,0.0,1978.0,Carlos Y Jose,MO,1.0,1970.0,5.7988257,-1.4806198,2.143869
"Saco una bolsa de polvo, y se dio 3 muy aprisa,",0.0,0.0,0.0,0.0,2.0,0.0,2000.0,Los Cadetes De Linares,NA,2.0,2000.0,3.8415031,0.31143692,2.091546
Salen varias camionetas,0.0,2.0,0.0,0.0,0.0,0.0,2000.0,Banda Machos,MO,2.0,2000.0,6.715697,0.26096353,1.6854511
Salgo en Instagram con un kilo,0.0,0.0,1.0,0.0,3.0,0.0,2020.0,Alemán,NA,3.0,2020.0,3.5335054,1.226828,0.85319084
Santos se encontraba muerto y su cuerpo levantaron,2.0,0.0,0.0,0.0,0.0,0.0,1988.0,Carlos Y José,AR,2.0,1980.0,6.685505,-2.6248186,-0.93049943
"Se agarraron a balazos, se agarraron frente a frente,",3.0,0.0,0.0,0.0,0.0,0.0,1997.0,Antonio Aguilar,AR,3.0,1990.0,7.229479,-1.5478585,-1.0907134
Se anda paseando la muerte,1.0,0.0,0.0,0.0,0.0,0.0,2008.0,Los Tucanes De Tijuana,AR,1.0,2000.0,6.3471003,-2.487121,-1.0124184
Se apalabran con billetes,0.0,0.0,1.0,0.0,0.0,0.0,,Los Tucanes De Tijuana,DI,1.0,2000.0,1.8658702,-0.14704235,-0.35222837
Se arreglaron en billetes,0.0,0.0,2.0,0.0,0.0,3.0,1978.0,Pedrito Fernandez,GO,3.0,1970.0,1.7468551,-0.06721286,-0.38299882
Se empina pura plateada cuando en los caballos,0.0,1.0,0.0,0.0,0.0,0.0,2019.0,Carin León,MO,1.0,2010.0,5.735754,-1.617893,2.177299
"Se fue pa' la plaza, lo atoró la ley",0.0,0.0,0.0,0.0,0.0,2.0,2015.0,Millonario,GO,2.0,2010.0,5.697353,-1.1998551,0.12065608
Se gasta mucho dinero,0.0,0.0,2.0,0.0,0.0,0.0,,Los Tucanes De Tijuana,DI,2.0,2000.0,2.7183123,0.05377252,-0.7752706
Se mato con su caballo,1.0,1.0,0.0,0.0,0.0,0.0,1978.0,Carlos Y Jose,AR,1.0,1970.0,5.8448176,-1.7186543,1.9536719
Se prende un gallo para elevarse,0.0,0.0,0.0,0.0,1.0,0.0,2019.0,Natanael Cano,NA,1.0,2010.0,5.3850775,-1.6898578,1.9738029
"Se que me mando llamar, pa liquidarle unas cuentas,",0.0,0.0,0.0,1.0,0.0,0.0,1983.0,Luis Y Julián,PO,1.0,1980.0,4.086748,-0.8250139,-0.060981918
"Sediento de dinero, autos nuevos y mansiones",0.0,0.0,3.0,0.0,0.0,0.0,2002.0,Cartel De Santa,DI,3.0,2000.0,2.961584,0.33025807,-0.7079273
Sembraba mota de a madre,0.0,0.0,0.0,0.0,2.0,0.0,2000.0,Luis Y Julian,NA,2.0,2000.0,5.611721,0.15631022,1.9233282
"Señor aquí esta la carga, dijeron los colombianos,",0.0,2.0,0.0,0.0,2.0,0.0,2000.0,Los Cadetes De Linares,MO,2.0,2000.0,6.357377,0.94468534,1.1885266
Señor pues le pertenece,0.0,0.0,0.0,1.0,0.0,0.0,2009.0,La Arrolladora Banda El Limón De Rene Camacho,PO,1.0,2000.0,5.1430707,0.596346,-0.6805096
"Si no es porque yo me fajo, no hubiera salvado el flete",0.0,2.0,0.0,0.0,2.0,0.0,2000.0,Los Cadetes De Linares,MO,2.0,2000.0,4.35522,-0.16215642,-0.16760966
"Si no trae dinero, compa, aquí le fiamos",0.0,0.0,0.0,0.0,1.0,0.0,2012.0,Calibre 50,NA,1.0,2010.0,2.9738789,0.048923034,0.2823412
"Si quiere lo enfierro, le saco el dinero",2.0,0.0,1.0,0.0,0.0,0.0,2012.0,Millonario & W. Corona,AR,2.0,2010.0,3.153405,-0.2048919,0.21815412
Si quieres ganar dinero,0.0,0.0,1.0,0.0,0.0,0.0,,Lorenzo De Monteclaro,DI,1.0,2000.0,2.714439,-0.52493006,-0.07096632
Si tengo que matar pa' proteger lo que tengo te juro que Dios me perdone,1.0,0.0,0.0,0.0,0.0,0.0,2021.0,Denilson,AR,1.0,2020.0,5.855207,-1.7715416,-0.4902194
Si voy al volante o al igual tronando un cuerno,3.0,2.0,0.0,0.0,0.0,0.0,2022.0,Fuerza Regida,AR,3.0,2020.0,5.75534,-0.4192742,1.8803282
Siempre anda bien armado,1.0,0.0,0.0,0.0,0.0,0.0,1970.0,Vicente Fernández,AR,1.0,1970.0,6.5042906,0.18961269,-0.45151776
"Siempre trae su copa de oro, la que siempre le ha gustado",0.0,0.0,2.0,0.0,0.0,0.0,,Chalino Sánchez,DI,2.0,2000.0,6.317635,0.49888566,-0.43896338
Sigan señores la fiesta les ordeno el comisario,0.0,0.0,0.0,0.0,0.0,1.0,1980.0,Vicente Fernandez,GO,1.0,1980.0,5.141535,-1.0367018,-0.7876993
Sigo en lo mío queriendo todo,0.0,0.0,1.0,0.0,0.0,0.0,2021.0,Primero Company,DI,1.0,2020.0,4.310676,-0.035228007,-0.38492972
Sin la astucia de su jefe lo pudieron hubicar,0.0,0.0,0.0,1.0,0.0,0.0,2007.0,Los Tigres Del Norte,PO,1.0,2000.0,5.625301,-1.3770616,-0.2522465
"Sin la lámpara, con el cuerno de goat, ¿qué lo?",1.0,0.0,0.0,0.0,0.0,0.0,2024.0,Peso Pluma,AR,1.0,2020.0,5.6334376,-0.7291707,1.8147357
"Sobran los billetes de cien, yeah",0.0,0.0,1.0,0.0,0.0,0.0,2021.0,Bad Bunny,DI,1.0,2020.0,1.7471898,0.13397235,-0.1353417
Solo sonaron dos tiros,2.0,0.0,0.0,0.0,0.0,0.0,1980.0,Vicente Fernandez,AR,2.0,1980.0,7.3799024,-1.214825,-1.2532885
"Somos 300, te entramo a tiro' y te vamo a dar más de mili",2.0,0.0,0.0,2.0,0.0,2.0,2025.0,"Natanael Cano, Anuel AA",AR,2.0,2020.0,6.7113338,-1.2200094,-1.3071926
Somos gente del gobierno,0.0,0.0,0.0,0.0,0.0,1.0,1997.0,Los Tucanes De Tijuana,GO,1.0,1990.0,5.323633,0.16476637,-1.7362494
"Son muchos hombres, no te vayan a matar""",1.0,0.0,0.0,2.0,0.0,0.0,1980.0,Various,PO,2.0,1980.0,6.381443,-1.0819547,-1.1249651
Soy de bastantes amigos,0.0,0.0,0.0,1.0,0.0,0.0,2013.0,Voz De Mando,PO,1.0,2010.0,4.5588627,0.42818075,-0.64836156
"Soy mato, caga pa'los malandrín, cholero",1.0,0.0,0.0,0.0,0.0,0.0,2006.0,Kartel De Las Calles,AR,1.0,2000.0,5.1821713,-0.08740447,1.8534367
"Su persona se va respetando,",0.0,0.0,0.0,2.0,0.0,0.0,2012.0,Carlos Y Jose,PO,2.0,2010.0,5.2517753,0.29863343,-0.81156516
Super caballo arrendado el 11 buen respaldo,0.0,2.0,0.0,2.0,0.0,0.0,2013.0,Voz De Mando,MO,2.0,2010.0,5.8004384,-1.3243098,1.9803804
Sus enemigos y la policia,1.0,0.0,0.0,2.0,0.0,2.0,2008.0,Pesado,PO,2.0,2000.0,6.1110535,-0.91131353,-0.75647753
"Sus lujos siempre se da, ah ah ah",0.0,0.0,2.0,0.0,0.0,0.0,,Junior H,DI,2.0,2000.0,6.3905377,0.39084718,-0.4243144
Tal vez pensaba rendirse,1.0,0.0,0.0,0.0,0.0,2.0,1996.0,Los Invasores De Nuevo León,GO,2.0,1990.0,6.012384,-1.5986787,-0.36652943
Tambien mentaban la hierba,0.0,0.0,0.0,0.0,1.0,0.0,1997.0,Los Tigres Del Norte,NA,1.0,1990.0,5.190563,0.7691433,1.2205384
También armas del gobierno,2.0,0.0,0.0,0.0,0.0,0.0,2014.0,Grupo Exterminador,AR,2.0,2010.0,5.9863133,-0.03439001,-1.6438116
También la muerte iba allí,1.0,0.0,0.0,0.0,0.0,0.0,2013.0,Julión Álvarez Y Su Norteño Banda,AR,1.0,2010.0,6.3375444,-2.5712566,-1.1162422
También un que otro balazo,2.0,0.0,0.0,0.0,0.0,0.0,2023.0,Peso Pluma,AR,2.0,2020.0,7.1604576,-1.1207553,-1.4218866
Te deja mucho dinero,0.0,0.0,1.0,0.0,0.0,0.0,,Los Tucanes De Tijuana,DI,1.0,2000.0,2.654818,0.049383935,-0.5341523
Te traigo mucho dinero,0.0,0.0,2.0,0.0,0.0,0.0,,Los Tigres Del Norte,DI,2.0,2000.0,2.9090304,0.08730294,0.0647858
Te voy a apostar mi carro,0.0,0.0,1.0,0.0,0.0,0.0,1997.0,Grupo Exterminador,DI,1.0,1990.0,6.1239147,-0.41109166,1.9765081
Tener muchas mujeres me gusta mucho más,0.0,0.0,3.0,0.0,0.0,0.0,,El As De La Sierra,DI,3.0,2000.0,4.6611323,0.954523,-0.3586029
Tengo gente donde quiera,0.0,0.0,0.0,2.0,0.0,0.0,2008.0,Banda Machos,PO,2.0,2000.0,4.7740808,0.25044075,-0.8355424
Tengo miles de billetes pa' poder gastar,0.0,0.0,2.0,0.0,0.0,0.0,,Rich Vagos,DI,2.0,2000.0,2.2249925,0.050028946,-0.08123508
"Tengo ocho escoltas que me cuidan, son mi seguridad",0.0,0.0,0.0,2.0,0.0,0.0,2022.0,Natanael Cano,PO,2.0,2020.0,5.3963137,-0.107620776,-0.61001927
Tengo tanto amor al dinero,0.0,0.0,3.0,0.0,0.0,0.0,,Adan Cruz,DI,3.0,2000.0,2.9919028,0.2704846,-0.5096696
"Tengo un cuete y una banda loca, chingo de perico y locas en mi troca",1.0,1.0,1.0,1.0,1.0,0.0,2012.0,Millonario & W. Corona,AR,1.0,2010.0,4.834054,-0.15972216,1.3152257
"Tengo un cuete y una banda loca, partiendo la piña pa' ver, de a cómo nos toca",1.0,0.0,0.0,2.0,0.0,0.0,2012.0,Millonario & W. Corona,PO,2.0,2010.0,4.6777544,-0.16153032,1.0884483
"Tenian que llegar al norte, la carga estaba tratada",0.0,2.0,0.0,2.0,2.0,0.0,1997.0,Los Huracanes Del Norte,MO,2.0,1990.0,6.1493416,1.0055475,1.2984982
Tenían de todo en la mesa,0.0,0.0,2.0,0.0,0.0,0.0,2000.0,Banda Machos,DI,2.0,2000.0,5.719636,0.7429304,0.24261792
They say we talk about money too much,0.0,0.0,2.0,2.0,0.0,0.0,2018.0,T.I.,DI,2.0,2010.0,2.6752653,0.08420175,-0.82641584
"Toda su gente, la viva y la muerte",0.0,0.0,0.0,1.0,0.0,0.0,2003.0,Antonio Aguilar,PO,1.0,2000.0,5.019823,-0.028334884,-0.86051846
"Todo aquel que se atraviesa, lo despedazan a tiros",3.0,0.0,0.0,0.0,0.0,0.0,2003.0,Los Tucanes De Tijuana,AR,3.0,2000.0,6.8845935,-2.128434,-0.88805526
"Tomo el dinero, no soy de fierro",0.0,0.0,2.0,0.0,0.0,0.0,,Mariel Mariel,DI,2.0,2000.0,3.405428,0.4054715,0.5019042
Tomo las riendas de este asunto y galopo,0.0,0.0,0.0,2.0,0.0,0.0,2013.0,Mariel Mariel,PO,2.0,2010.0,4.4827075,-0.53447205,-0.03633883
Toy pa comprarme un Lambo,0.0,0.0,3.0,0.0,0.0,0.0,2025.0,CA7RIEL & Paco Amoroso,DI,3.0,2020.0,4.9052753,-0.888996,1.2896773
Trae mas armas que el gobierno,3.0,0.0,0.0,0.0,0.0,3.0,2014.0,Los Tucanes De Tijuana,AR,3.0,2010.0,6.4441643,-0.18116346,-1.3075057
Trae una super segunda... con cachas de oro el señor,0.0,0.0,2.0,0.0,0.0,0.0,,Chalino Sánchez,DI,2.0,2000.0,3.2350686,0.8137883,-1.2142459
Traigo dos Rolex puestos y otros cuatro en la casa,0.0,0.0,2.0,0.0,0.0,0.0,2022.0,Natanael Cano,DI,2.0,2020.0,3.1619136,1.2218307,-1.3440506
Traigo en la camioneta clavada una escopeta,2.0,2.0,0.0,0.0,0.0,0.0,2006.0,Cartel De Santa,AR,2.0,2000.0,6.768443,-0.035483226,1.8108816
Traigo mota pa' aventar,0.0,0.0,0.0,0.0,1.0,0.0,2019.0,Tiro Loko,NA,1.0,2010.0,5.6987476,0.075907364,1.7116891
"Traían las llantas del carro, repletas de hierba mala",0.0,2.0,0.0,0.0,2.0,0.0,1976.0,Ramon Ayala,MO,2.0,1970.0,5.880025,0.5290931,1.2295392
Tres balazos me pagaban,2.0,0.0,0.0,0.0,0.0,0.0,2008.0,Valentin Elizalde,AR,2.0,2000.0,7.165664,-1.3335848,-1.3567063
"Un grupo de federales, en busca de hierba mala,",0.0,0.0,0.0,0.0,1.0,2.0,1988.0,Los Huracanes Del Norte,GO,2.0,1980.0,5.4318466,-0.4925132,-1.1222883
Un kilo de mis plantitas,0.0,0.0,0.0,0.0,1.0,0.0,1998.0,Los Tucanes De Tijuana,NA,1.0,1990.0,3.5138946,1.2448603,0.8799165
Un policía estaba muerto,0.0,0.0,0.0,0.0,0.0,3.0,1976.0,Los Cadetes De Linares,GO,3.0,1970.0,6.591273,-2.5475018,-0.82324284
"Un reloj con diamantes, traigo hasta en los dientes",0.0,0.0,3.0,0.0,0.0,0.0,,Tito Double P,DI,3.0,2000.0,3.0235252,1.2411394,-1.4603788
"Una casa, más ropa, ver dinero",0.0,0.0,2.0,0.0,0.0,0.0,,Daddy Yankee,DI,2.0,2000.0,3.1791735,0.29689127,-0.46170723
Una troca salió de Durango,0.0,1.0,0.0,0.0,0.0,0.0,1996.0,Grupo Exterminador,MO,1.0,1990.0,5.435596,0.37369153,1.0348853
Unas botellas y que tire humo en la trampa,0.0,0.0,1.0,0.0,1.0,0.0,2020.0,Junior H,DI,1.0,2020.0,4.9551296,-0.5994802,1.0199119
Unas chelas y unas pilas,0.0,0.0,0.0,0.0,1.0,0.0,2006.0,Cartel De Santa,NA,1.0,2000.0,4.2211337,-0.04562389,0.7756725
"Unos de una camioneta, a los dos los an matado",2.0,2.0,0.0,0.0,0.0,0.0,2002.0,Chalino Sánchez,AR,2.0,2000.0,6.938273,-2.5035274,-1.0375593
Vamos a Culiacán que aquí traigo dinero,0.0,1.0,1.0,0.0,0.0,0.0,,El As De La Sierra,MO,1.0,2000.0,2.8718257,-0.03343227,0.19551113
Varios balazos se oyeron,2.0,0.0,0.0,0.0,0.0,0.0,1988.0,Los Tigres Del Norte,AR,2.0,1980.0,7.289585,-1.3035882,-1.3022842
"Veinte millones de pesos, era el precio de su cuero,",0.0,0.0,2.0,0.0,0.0,0.0,,Los Broncos De Reynosa,DI,2.0,2000.0,2.5452368,0.68130916,-0.54136676
Veto era hombre de valor y buen caballo montaba,0.0,1.0,0.0,0.0,0.0,0.0,2008.0,Pesado,MO,1.0,2000.0,5.6249194,-1.4946035,2.2607899
Vi mujeres a montones,0.0,0.0,1.0,0.0,0.0,0.0,,Pedro Infante,DI,1.0,2000.0,5.3285556,1.1615363,0.0547026
Vidal descargo su arma,2.0,0.0,0.0,0.0,0.0,0.0,2006.0,Vicente Fernández,AR,2.0,2000.0,7.2619185,-0.61837715,-1.0071839
"Vienen apuntándome, persiguiéndome, vigilándome",2.0,0.0,0.0,2.0,0.0,2.0,2012.0,Millonario & W. Corona,AR,2.0,2010.0,5.523494,-0.48636642,-0.2725499
"Volaron los pavos reales, rumbo a la sierra mojada",0.0,1.0,1.0,0.0,0.0,0.0,2002.0,"""El Piporro""",MO,1.0,2000.0,5.705535,-1.5696107,2.158601
"Voy a charolearles, si a caso me paran",1.0,0.0,0.0,0.0,0.0,2.0,2013.0,El Komander,GO,2.0,2010.0,4.9477377,-0.82754093,0.1476765
"Voy a seguir trabajando mientras tenga compradores,",0.0,0.0,0.0,1.0,2.0,0.0,2013.0,Valentín Elizalde,NA,2.0,2010.0,4.245494,0.20917098,-0.66186893
Váyanse poniendo alertas,1.0,0.0,0.0,0.0,0.0,0.0,1980.0,Los Cadetes de Linares,AR,1.0,1980.0,5.6004663,-0.36877698,-0.06974982
Y La gente que me sigue,0.0,0.0,0.0,2.0,0.0,0.0,2009.0,Sergio Vega,PO,2.0,2000.0,4.9337025,0.02241696,-0.678529
Y a bordo de camioneta,0.0,1.0,0.0,0.0,0.0,0.0,1988.0,Los Invasores De Nuevo Leon,MO,1.0,1980.0,6.7094584,0.08858359,1.7732853
Y a la orden de tres letras,0.0,0.0,0.0,3.0,0.0,0.0,2014.0,Los Tucanes De Tijuana,PO,3.0,2010.0,4.2458353,-0.2325197,-0.89578104
Y a los primeros balazos fue el primero que corrió,2.0,0.0,0.0,0.0,0.0,0.0,2000.0,Los Cadetes De Linares,AR,2.0,2000.0,7.21833,-1.4281567,-1.1005232
Y a mí ellos billetes verdes,0.0,0.0,2.0,0.0,0.0,0.0,1997.0,Banda Sinaloense Los Recoditos,DI,2.0,1990.0,1.8586315,0.23030068,-0.072961345
Y ahí donde lo ven carga su pistola,1.0,0.0,0.0,0.0,0.0,0.0,2022.0,Fuerza Regida,AR,1.0,2020.0,7.150416,-0.46722662,-0.85650796
Y al Piyi traigo de anillo de seguridad,0.0,0.0,0.0,2.0,0.0,0.0,2022.0,"Peso Pluma, Luis R Conriquez",PO,2.0,2020.0,5.9030075,-0.22299795,0.2209383
"Y al que se atravieza, le hacemos volar la gorra",2.0,0.0,0.0,0.0,0.0,0.0,2020.0,Junior H,AR,2.0,2020.0,4.8913326,0.19915304,0.50363684
Y allá en Cuauhtémoc pongo a tirar,1.0,0.0,0.0,0.0,0.0,0.0,2022.0,Fuerza Regida,AR,1.0,2020.0,4.5078955,-0.6230774,1.0451597
Y aquí la empresa sigue generando,0.0,0.0,2.0,2.0,0.0,0.0,2023.0,Peso Pluma,DI,2.0,2020.0,4.2506866,0.15455301,-0.6874775
Y atrás de mí se ve un manchón de gente,0.0,0.0,0.0,2.0,0.0,0.0,2022.0,"Peso Pluma, Luis R Conriquez",PO,2.0,2020.0,5.1770616,-0.10426105,-0.34477672
Y aveces con su dinero,0.0,0.0,1.0,0.0,0.0,0.0,,Carlos Y Jose,DI,1.0,2000.0,2.7675397,-0.05004838,-0.36110884
Y colgado en la sierra,1.0,0.0,0.0,0.0,0.0,0.0,1984.0,Los Caminantes,AR,1.0,1980.0,5.0596237,1.2650838,1.1718507
Y cuchillo en la mano,1.0,0.0,0.0,0.0,0.0,0.0,2012.0,Calibre 50,AR,1.0,2010.0,6.9915423,-0.5585579,-0.9643874
Y el de la clave privada,0.0,0.0,0.0,3.0,0.0,0.0,1998.0,Grupo Exterminador,PO,3.0,1990.0,3.8704147,-0.74535745,-0.72931945
Y el oficial que aspira perico y extorsiona a gente,0.0,0.0,0.0,0.0,1.0,2.0,2012.0,C-Kan,GO,2.0,2010.0,5.5576878,-0.9531242,-0.460968
Y el señor presidente debería hacer lo que el papa,0.0,0.0,0.0,0.0,0.0,1.0,2014.0,C-Kan,GO,1.0,2010.0,5.1341133,0.707825,-0.72470886
Y en corto un gallo préndase,0.0,0.0,0.0,0.0,1.0,0.0,2025.0,Chino Pacas,NA,1.0,2020.0,5.375985,-1.7042941,1.9924663
Y en esa troca la llevan,0.0,1.0,0.0,0.0,0.0,0.0,2008.0,Valentin Elizalde,MO,1.0,2000.0,5.425548,0.50312257,0.78932714
Y en eso está valuada mi riqueza,0.0,0.0,1.0,0.0,0.0,0.0,,Calibre 50,DI,1.0,2000.0,3.1846564,0.4215672,-0.4736226
Y en un carro continuaron,0.0,1.0,0.0,0.0,0.0,0.0,1988.0,Los Invasores De Nuevo Leon,MO,1.0,1980.0,6.4560704,0.15490912,1.6404308
Y es que esto ya parece película de Terror,1.0,0.0,0.0,0.0,0.0,0.0,2019.0,Skool 77,AR,1.0,2010.0,5.5221276,-0.14409795,-0.12257976
Y es un corredero de gente,0.0,0.0,0.0,1.0,0.0,0.0,2002.0,"""El Piporro""",PO,1.0,2000.0,5.3045764,0.10664153,-0.46745026
Y estaba toda blindada,0.0,2.0,0.0,0.0,0.0,0.0,1997.0,Los Huracanes Del Norte,MO,2.0,1990.0,6.1211085,0.12892897,0.14091937
Y hasta la fecha yo sigo la flecha,0.0,0.0,0.0,1.0,0.0,0.0,2019.0,Carin León,PO,1.0,2010.0,4.336862,-0.01553048,-0.4093421
Y hoy donde lo ven carga su pistola,1.0,0.0,0.0,0.0,0.0,0.0,2022.0,Fuerza Regida,AR,1.0,2020.0,7.053456,-0.49221238,-0.9231997
Y jugadas de dinero,0.0,0.0,1.0,0.0,0.0,0.0,,Beto Quintanilla,DI,1.0,2000.0,2.6361775,-0.25497693,-0.6915984
Y la motita nunca le falta,0.0,0.0,1.0,0.0,1.0,0.0,2024.0,Peso Pluma,DI,1.0,2020.0,6.4805784,0.33556378,-0.4082468
Y las chamacas pickies me prenden el blunt,0.0,0.0,0.0,0.0,1.0,0.0,2024.0,Tito Double P,NA,1.0,2020.0,4.3983064,-0.073783815,1.13848
Y le mataron su amada,1.0,0.0,0.0,0.0,0.0,0.0,1996.0,Los Invasores De Nuevo León,AR,1.0,1990.0,6.7663302,-2.5787013,-0.94650644
Y llevan un cargamento,0.0,2.0,0.0,0.0,2.0,0.0,2000.0,Banda Machos,MO,2.0,2000.0,6.1622586,0.719519,1.1821629
Y los cascos del caballo,0.0,1.0,0.0,0.0,0.0,0.0,2003.0,Los Tigres Del Norte,MO,1.0,2000.0,5.792634,-1.5099106,2.0351102
Y los dueños de la plaza,0.0,0.0,0.0,2.0,0.0,0.0,2009.0,Los Cuates De Sinaloa,PO,2.0,2000.0,5.857195,0.3560465,-0.5586156
Y los enemigos tiemblan,1.0,0.0,0.0,2.0,0.0,0.0,2013.0,El Komander,PO,2.0,2010.0,6.276496,-0.8005306,-0.8214742
Y me da unas ganas de periquear,0.0,0.0,0.0,0.0,1.0,0.0,2022.0,Fuerza Regida,NA,1.0,2020.0,4.535314,-0.47988793,0.55040675
Y no quiero ir a prision,0.0,0.0,0.0,0.0,0.0,2.0,1988.0,Carlos Y José,GO,2.0,1980.0,3.7692406,0.510577,0.8872268
Y no ser un rico muerto,1.0,0.0,1.0,0.0,0.0,0.0,1996.0,Los Tucanes De Tijuana,AR,1.0,1990.0,3.770852,0.46372035,0.9762712
"Y no somos la carnada, busque algo mas al anzuelo",1.0,0.0,0.0,1.0,0.0,1.0,2019.0,Skool 77,AR,1.0,2010.0,3.9069183,0.4033819,0.7620249
Y nunca van a aprehenderme,0.0,0.0,0.0,0.0,0.0,2.0,1996.0,Los Invasores De Nuevo León,GO,2.0,1990.0,6.7053843,-1.0944898,0.25613412
Y paseando en la camioneta,0.0,1.0,2.0,0.0,0.0,0.0,2015.0,Millonario,DI,2.0,2010.0,6.6656137,0.021203233,1.8499789
Y que juntando una plata,0.0,0.0,1.0,0.0,0.0,0.0,1980.0,Antonio Aguilar,DI,1.0,1980.0,2.2803066,-0.34949976,-0.14725015
"Y que sigan llegando las pacas, a la verga",0.0,0.0,2.0,0.0,0.0,0.0,,Chino Pacas,DI,2.0,2000.0,5.4387717,2.4154494,1.1240274
"Y que sigan llegando las pacas, carnal",0.0,0.0,2.0,0.0,0.0,0.0,,Chino Pacas,DI,2.0,2000.0,5.4112215,2.4471388,1.1039586
"Y que sigan llegando las pacas, mi amor",0.0,0.0,2.0,0.0,0.0,0.0,,Chino Pacas,DI,2.0,2000.0,5.3528867,2.520334,1.069641
Y que toda la gente te admire,0.0,0.0,1.0,0.0,0.0,0.0,1998.0,Los Rieleros Del Norte,DI,1.0,1990.0,5.012528,0.16080685,-0.66574216
Y si atacan nuestra plaza,2.0,0.0,0.0,3.0,0.0,0.0,2009.0,Larry Hernández,PO,3.0,2000.0,6.0715632,-0.35370246,-0.6276294
Y si es posible dos o tres mas,0.0,0.0,1.0,0.0,0.0,0.0,1997.0,Eliseo Robles Y Los Barbaros Del Norte,DI,1.0,1990.0,4.342602,0.5878133,-0.32391104
Y también esas mujeres,0.0,0.0,1.0,0.0,0.0,0.0,,El As De La Sierra,DI,1.0,2000.0,5.1931744,1.2581453,-0.15483242
Y también gente de La Morelos,0.0,0.0,0.0,1.0,0.0,0.0,2014.0,Los Tucanes De Tijuana,PO,1.0,2010.0,5.022967,0.39985803,-1.1536186
Y tus llantas de carreras,0.0,1.0,0.0,0.0,0.0,0.0,2009.0,vagón chicano,MO,1.0,2000.0,5.9287186,0.093915224,1.0758989
"Y un hombre en Guadalajara, no duerme de puro miedo.",1.0,0.0,0.0,0.0,0.0,0.0,1983.0,Los Broncos De Reynosa,AR,1.0,1980.0,5.7381077,-0.111163296,-0.606097
"Y un papel, sobre dorado",0.0,0.0,1.0,0.0,0.0,0.0,1984.0,Los Caminantes,DI,1.0,1980.0,2.8795865,0.49642286,-1.0898054
Y un sargento le decía,0.0,0.0,0.0,0.0,0.0,2.0,2014.0,Grupo Exterminador,GO,2.0,2010.0,5.078252,-1.2272688,-0.7403383
Y una banquetera siempre que se arme,0.0,0.0,1.0,0.0,1.0,0.0,2025.0,Chino Pacas,DI,1.0,2020.0,6.5368805,0.19723219,-0.51326036
"Y unas' privadas en yate, tronamos las pacas",0.0,0.0,2.0,0.0,0.0,0.0,,Peso Pluma,DI,2.0,2000.0,4.574983,0.20592727,0.6083466
Y vienen los militares,0.0,0.0,0.0,0.0,0.0,2.0,2012.0,Millonario & W. Corona,GO,2.0,2010.0,6.0887966,-0.6816458,-0.87887377
Y volviendo a los dos enemigos.,0.0,0.0,0.0,2.0,0.0,0.0,1988.0,Maria De Lourdes,PO,2.0,1980.0,6.3645706,-0.83339614,-0.9091764
Y yo prendí un churro de mota,0.0,0.0,0.0,0.0,1.0,0.0,2022.0,Dharius,NA,1.0,2020.0,5.546022,-0.011526293,2.100135
Ya casi a diario llegan billetes,0.0,0.0,2.0,0.0,0.0,0.0,,Fuerza Regida,DI,2.0,2000.0,1.83359,0.00870277,-0.19320154
"Ya cumplieron la consigna,",0.0,0.0,0.0,2.0,0.0,2.0,2008.0,Colmillo NORTEÑO,PO,2.0,2000.0,5.6451807,0.6104983,0.22267249
Ya después me vienes con que me vas a matar,1.0,0.0,0.0,0.0,0.0,0.0,2014.0,C-Kan,AR,1.0,2010.0,6.0197754,-2.1628964,-0.93209237
"Ya le puse precio, no es nada barato",0.0,0.0,1.0,0.0,0.0,0.0,2024.0,Eme MalaFe,DI,1.0,2020.0,2.7742696,0.6626934,-0.3260941
Ya me llegaron al precio,0.0,0.0,2.0,0.0,0.0,3.0,1998.0,El Poder Del Norte,GO,3.0,1990.0,2.7877975,0.6421534,-0.21439297
Ya no llegues vivo a tu casa,1.0,0.0,0.0,0.0,0.0,0.0,2024.0,Mexican Institute Of Sound,AR,1.0,2020.0,6.0491,-2.4072576,-0.9764804
"Ya que tumbo mi panal, ahora toree las avispas.",1.0,0.0,0.0,0.0,0.0,0.0,1983.0,Los Broncos De Reynosa,AR,1.0,1980.0,4.6060014,0.14999592,1.0448754
Yo contándote historias para no contar el kilo,0.0,0.0,0.0,0.0,1.0,0.0,2020.0,Kosmer,NA,1.0,2020.0,3.6461916,1.016195,0.77265406
Yo no doy el kilo doy la tonelada y pal frente,0.0,0.0,0.0,0.0,3.0,0.0,2012.0,Millonario & W. Corona,NA,3.0,2010.0,3.6985254,0.91164434,0.78481835
"Yo se que la carga era de la buena, lo supe por el aroma",0.0,0.0,0.0,0.0,2.0,0.0,1996.0,Los Tigres Del Norte,NA,2.0,1990.0,5.896299,0.78720564,0.8302312
Yo soy gente del cartel,0.0,0.0,0.0,2.0,0.0,0.0,2014.0,Los Tucanes De Tijuana,PO,2.0,2010.0,4.7640605,0.306131,-1.1355382
"Yo soy hombre de mucho dinero,",0.0,0.0,3.0,0.0,0.0,0.0,2002.0,"""El Piporro""",DI,3.0,2000.0,3.232461,0.26181403,-0.50017965
Yo tengo mi propia gente,0.0,0.0,0.0,2.0,0.0,0.0,2007.0,Los Tigres Del Norte,PO,2.0,2000.0,4.699416,0.25265095,-0.9351751
"Zumbando en el RZR, máscaras, polvo y ambiente",0.0,1.0,0.0,0.0,1.0,0.0,2023.0,Peso Pluma,MO,1.0,2020.0,4.1565433,0.075390495,1.9402902
a debajo del asiento se encontraba la pistola,1.0,1.0,0.0,0.0,0.0,0.0,1998.0,Chalino Sánchez,AR,1.0,1990.0,7.2086096,-0.6148059,-1.1437602
atendia pura gente importante,0.0,0.0,0.0,2.0,0.0,0.0,2007.0,Los Tucanes De Tijuana,PO,2.0,2000.0,4.848156,0.04731414,-1.093519
"cayo geronimo muerto,",2.0,0.0,0.0,0.0,0.0,0.0,1980.0,Los Cadetes de Linares,AR,2.0,1980.0,6.6720104,-2.4351065,-0.62073076
como saben si el dinero,0.0,0.0,1.0,0.0,0.0,0.0,2009.0,Sergio Vega,DI,1.0,2000.0,2.5497513,-0.27624696,-0.044678457
"compran cien kilos de polvo, como comprar unas flores.",0.0,0.0,0.0,0.0,3.0,0.0,2013.0,Valentín Elizalde,NA,3.0,2010.0,3.7881444,1.0367104,1.4480667
con el lleva una bazooka,3.0,0.0,0.0,0.0,0.0,0.0,2013.0,Voz De Mando,AR,3.0,2010.0,6.9712234,-0.2471715,-0.57517225
con la banda por delanteeee.,0.0,0.0,0.0,1.0,0.0,0.0,2009.0,Larry Hernández,PO,1.0,2000.0,5.425214,0.094554216,0.845075
dame unos calos que nos hacemos algo,0.0,0.0,0.0,0.0,1.0,0.0,2000.0,7 Notas 7 Colores,NA,1.0,2000.0,4.496812,0.025612447,0.63055813
"de mota, tambien de cuernoo...",1.0,0.0,0.0,0.0,1.0,0.0,2009.0,Larry Hernández,AR,1.0,2000.0,5.54077,-0.10211728,2.0257084
de quien es ese reloj,0.0,0.0,1.0,0.0,0.0,0.0,1985.0,Irma Serrano,DI,1.0,1980.0,3.0667048,1.3057407,-1.5269928
del gobierno americano.,0.0,0.0,0.0,0.0,0.0,1.0,1997.0,Los Tigres Del Norte,GO,1.0,1990.0,5.3128524,0.07492095,-1.8822002
"delincuentes pero con uniforme,",0.0,0.0,0.0,0.0,0.0,3.0,2013.0,C-Kan,GO,3.0,2010.0,6.1119475,-0.4683968,-0.9451143
"despiertan los tiros en la madrugada,",1.0,0.0,0.0,0.0,0.0,0.0,2012.0,C-Kan,AR,1.0,2010.0,7.39171,-1.443127,-1.3557274
"después vino el dinero,",0.0,0.0,1.0,0.0,0.0,0.0,,C-Kan,DI,1.0,2000.0,2.8590808,0.10393807,-0.49725536
"destapar botellas, fumar marihuana",0.0,0.0,0.0,0.0,1.0,0.0,1996.0,El As De La Sierra,NA,1.0,1990.0,5.13221,-0.58153784,1.0034045
dicen que sí jalan pero solo con nosotros,0.0,0.0,0.0,1.0,0.0,0.0,2025.0,Ladrones,PO,1.0,2020.0,5.094956,-0.2948633,-0.078405395
donde esta el jefe de ustedes,0.0,0.0,0.0,1.0,0.0,0.0,2014.0,Remmy Valenzuela,PO,1.0,2010.0,4.7624135,-0.9035574,-0.922071
el arma queda con migo,1.0,0.0,0.0,0.0,0.0,0.0,1998.0,El As De La Sierra,AR,1.0,1990.0,7.119147,-0.4975831,-0.9703175
el comandante me dijo que me quitara las botas,0.0,0.0,0.0,2.0,0.0,0.0,1997.0,Vaquero's Musical,PO,2.0,1990.0,5.0644813,-1.4690266,-0.64847004
el crimen organizado.,0.0,0.0,0.0,2.0,0.0,0.0,2000.0,Sergio Vega Y Sus Shaka's Del Norte,PO,2.0,2000.0,5.6710663,-0.31149784,-1.6800693
el gobierno americano,0.0,0.0,0.0,0.0,0.0,1.0,1997.0,El As De La Sierra,GO,1.0,1990.0,5.2687974,0.10702419,-1.9152949
"empecé a ganar dinero, las cosas están volteadas,",0.0,0.0,2.0,0.0,0.0,0.0,2013.0,Valentín Elizalde,DI,2.0,2010.0,3.2051504,0.039445,-0.5556773
en mi troca solitario escuchando una rola la,0.0,1.0,0.0,0.0,0.0,0.0,1997.0,Grupo Exterminador,MO,1.0,1990.0,4.936135,-0.3271277,1.3157173
entre muerte y contrabando,1.0,2.0,0.0,0.0,0.0,0.0,1997.0,El As De La Sierra,MO,2.0,1990.0,3.9378445,1.6424912,2.7272623
era sentencia firmada,2.0,0.0,0.0,0.0,0.0,0.0,2000.0,Sergio Vega Y Sus Shaka's Del Norte,AR,2.0,2000.0,5.7940683,0.30705965,0.24196878
ese león ya creo elena,0.0,0.0,0.0,2.0,0.0,0.0,1996.0,Grupo Laberinto,PO,2.0,1990.0,5.340331,-1.1481909,1.4694083
la carga quien la llevaba,0.0,1.0,0.0,0.0,1.0,0.0,1997.0,Los Tigres Del Norte,MO,1.0,1990.0,6.0456214,0.927318,1.426604
la gente al ver el comando,2.0,0.0,0.0,2.0,0.0,0.0,2013.0,Voz De Mando,AR,2.0,2010.0,5.14973,-0.79383504,-0.96258855
la gente de Ignacio Parra,0.0,0.0,0.0,2.0,0.0,0.0,2012.0,Chalino Sánchez,PO,2.0,2010.0,4.6939907,0.3479878,-1.0001945
la gente paga al gobierno,0.0,0.0,0.0,0.0,0.0,3.0,2008.0,Valentin Elizalde,GO,3.0,2000.0,5.1363072,0.23879012,-1.8201036
la hierba tiene mercado,0.0,0.0,0.0,0.0,2.0,0.0,2012.0,Carlos Y Jose,NA,2.0,2010.0,5.121526,0.81834024,1.1882962
la judicial del estado 20mil dolares fueron,0.0,0.0,3.0,0.0,0.0,3.0,,Los Tucanes De Tijuana,DI,3.0,2000.0,2.4033396,0.5533688,-0.442889
la lucha era cuerpo a cuerpo,1.0,0.0,0.0,0.0,0.0,0.0,2000.0,Beto Quintanilla,AR,1.0,2000.0,7.082498,-1.4343344,-0.67944205
la tropa lo persiguió,2.0,0.0,0.0,0.0,0.0,2.0,1983.0,Carlos Y Jose,AR,2.0,1980.0,5.7581663,-1.0774769,-0.3784529
las tranzas del contrabando,0.0,2.0,0.0,0.0,2.0,0.0,2000.0,Sergio Vega Y Sus Shaka's Del Norte,MO,2.0,2000.0,3.884442,1.5898583,2.7043726
"las troquitas van en convoy, todo vale verga por hoy",0.0,3.0,0.0,0.0,0.0,0.0,2025.0,Ladrones,MO,3.0,2020.0,5.790871,1.0578258,0.8385823
le hicieron el decomiso,0.0,0.0,0.0,0.0,0.0,2.0,2009.0,Larry Hernández,GO,2.0,2000.0,5.6854877,-1.2584957,0.014829618
les pusieron la emboscada,1.0,0.0,0.0,0.0,0.0,0.0,2024.0,Ramón Ayala y sus Bravos del Norte,AR,1.0,2020.0,6.5760703,-1.2984785,-0.7788891
llevaban la marihuana,0.0,0.0,0.0,0.0,1.0,0.0,2008.0,Valentin Elizalde,NA,1.0,2000.0,5.858071,0.4989997,1.1825953
los dólares patrocinan,0.0,0.0,2.0,0.0,0.0,0.0,,Sergio Vega Y Sus Shaka's Del Norte,DI,2.0,2000.0,2.715737,0.58177227,0.11838938
me dedico al contrabando,0.0,2.0,0.0,0.0,0.0,0.0,2014.0,Los Tucanes De Tijuana,MO,2.0,2010.0,3.932542,1.5701244,2.6309004
me tienen como un delincuente,0.0,0.0,0.0,0.0,0.0,2.0,2007.0,Ramon Ayala Y Sus Bravos Del Norte,GO,2.0,2000.0,5.134804,-0.71948385,0.01880375
mi gente se me enloquece cuando le ordeno matar.,3.0,0.0,0.0,2.0,0.0,0.0,2013.0,Valentín Elizalde,AR,3.0,2010.0,5.9102197,-1.9399905,-0.93666077
"muy fastidiados de ocho horas de camino,",0.0,1.0,0.0,0.0,0.0,0.0,2007.0,Ignacio Lopez Tarso,MO,1.0,2000.0,5.6496086,-0.042052254,0.82066756
ni me gusta el contrabando,0.0,0.0,0.0,0.0,2.0,0.0,2008.0,Valentin Elizalde,NA,2.0,2000.0,3.862405,1.6342853,2.6740155
"otra ves estoy bien ondeado,",0.0,0.0,0.0,0.0,1.0,0.0,2014.0,Grupo Exterminador,NA,1.0,2010.0,4.4240384,-0.18606599,0.28293085
pa' vestirnos y calzar.,0.0,0.0,1.0,0.0,0.0,0.0,1984.0,Los Bukis,DI,1.0,1980.0,4.7487,0.16567469,0.40793422
paboniaba y cachas de oro muy bonito relumbraba,0.0,0.0,2.0,0.0,0.0,0.0,,Chalino Sánchez,DI,2.0,2000.0,3.1998603,0.8692744,-1.3356998
para que se hizo el dinero,0.0,0.0,1.0,0.0,0.0,0.0,1998.0,Laberinto,DI,1.0,1990.0,2.412461,0.06812464,-0.5752808
"permitían sembrar la hierba,",0.0,0.0,0.0,2.0,2.0,0.0,2008.0,Valentin Elizalde,PO,2.0,2000.0,5.074215,0.89266497,1.3007162
pero te prefiero muerto.,1.0,0.0,0.0,0.0,0.0,0.0,2008.0,Valentin Elizalde,AR,1.0,2000.0,6.208322,-2.4107969,-0.6575644
"plata y oro del Parral,",0.0,0.0,1.0,0.0,0.0,0.0,,Alberto Vázquez,DI,1.0,2000.0,3.2964575,0.67491317,-1.24896
por cierto que esta blindada,0.0,2.0,0.0,0.0,0.0,0.0,2013.0,Voz De Mando,MO,2.0,2010.0,5.9528236,-0.041119426,0.32315135
por eso los federales no hallaban nada en mi troca,0.0,2.0,0.0,0.0,0.0,2.0,1997.0,Vaquero's Musical,MO,2.0,1990.0,6.5166683,-0.9179655,0.60122406
por mas que la revisaron la droga no la encontraron,0.0,0.0,0.0,0.0,2.0,2.0,1997.0,Vaquero's Musical,NA,2.0,1990.0,6.5387244,-0.93024653,0.60916084
por que esta gente es de accion.,1.0,0.0,0.0,1.0,0.0,0.0,2013.0,Voz De Mando,AR,1.0,2010.0,5.5357237,-0.0025554337,-0.47373107
por que solo se escucho sonar un cuerno de chivo.,3.0,0.0,0.0,0.0,0.0,0.0,2008.0,Valentin Elizalde,AR,3.0,2000.0,5.401423,-0.52598435,1.6853986
"pueden traicionarte para tomar el volante,",1.0,1.0,0.0,1.0,0.0,0.0,2012.0,C-Kan,AR,1.0,2010.0,5.8080754,-0.47739503,1.7495118
que se dedicaba al polvo,0.0,0.0,0.0,0.0,2.0,0.0,2002.0,Los Tigres Del Norte,NA,2.0,2000.0,3.8028588,0.3751144,2.2194407
quedando muertos y heridos,3.0,0.0,0.0,0.0,0.0,0.0,2000.0,Los Cadetes De Linares,AR,3.0,2000.0,6.793397,-2.3967125,-1.112527
repartiendo lo prohibido,0.0,0.0,0.0,1.0,0.0,0.0,2009.0,Los Cuates De Sinaloa,PO,1.0,2000.0,4.146061,1.0725518,2.1457865
"rodando a un nivel superior, nunca nadie nos pudo.",1.0,0.0,0.0,0.0,0.0,0.0,2000.0,7 Notas 7 Colores,AR,1.0,2000.0,6.865181,-1.1967468,-0.033494867
sacar de botin tres sacos con puros diamantes.,0.0,0.0,3.0,0.0,0.0,0.0,2021.0,Boldie,DI,3.0,2020.0,2.9809644,1.2764565,-1.5219823
salieron bien equipadas,1.0,0.0,0.0,0.0,0.0,0.0,2014.0,Remmy Valenzuela,AR,1.0,2010.0,5.613608,0.9343421,0.1738109
se lo llevo de auxiliar,0.0,0.0,0.0,2.0,0.0,2.0,2000.0,Beto Quintanilla,PO,2.0,2000.0,4.4212375,-0.85021627,0.22477648
se miraban las blindadas,0.0,2.0,0.0,0.0,0.0,0.0,2014.0,Remmy Valenzuela,MO,2.0,2010.0,6.0824566,0.095899455,0.11790169
sea por kilos o pedasos,0.0,0.0,0.0,2.0,0.0,0.0,2009.0,Los Cuates De Sinaloa,PO,2.0,2000.0,3.5359147,1.1720748,0.8346543
si ellos tienen aviones de a montones,0.0,2.0,0.0,0.0,0.0,0.0,2007.0,Ignacio Lopez Tarso,MO,2.0,2000.0,6.8234997,0.36796248,1.2681313
su pesado contrabando,0.0,2.0,0.0,0.0,2.0,0.0,1985.0,Los Invasores De Nuevo Leon,MO,2.0,1980.0,3.9679325,1.6606734,2.722395
tambien me los voy a chingar.,1.0,0.0,0.0,0.0,0.0,0.0,2014.0,Remmy Valenzuela,AR,1.0,2010.0,4.455412,-0.39597303,0.8297763
también gente del gobierno,0.0,0.0,0.0,0.0,0.0,1.0,2000.0,Beto Quintanilla,GO,1.0,2000.0,5.445441,0.19030213,-1.745206
teniente no soy cobarde,0.0,0.0,0.0,0.0,0.0,1.0,1998.0,El As De La Sierra,GO,1.0,1990.0,3.7633564,0.580203,0.76805264
una carga que venia del pueblo de Zapotan,0.0,2.0,0.0,0.0,2.0,0.0,1997.0,Vaquero's Musical,MO,2.0,1990.0,6.187074,1.0575495,1.3706139
varia gente del gobierno,0.0,0.0,0.0,0.0,0.0,1.0,2007.0,Los Tucanes De Tijuana,GO,1.0,2000.0,5.4115815,0.07337599,-1.8270357
"varios quieren verlo muerto, o que siga en el presidio",3.0,0.0,0.0,0.0,0.0,0.0,2008.0,Chalino Sánchez,AR,3.0,2000.0,6.004828,-2.2308006,-0.5715244
y a los dos les dieron muerte,2.0,0.0,0.0,0.0,0.0,0.0,2024.0,Ramón Ayala y sus Bravos del Norte,AR,2.0,2020.0,6.860705,-2.6628115,-0.92314386
y al final vino muriendo,2.0,0.0,0.0,0.0,0.0,0.0,1976.0,Ramon Ayala,AR,2.0,1970.0,6.4357467,-2.5736477,-1.0011657
y contra el bandido vació su pistola.,2.0,0.0,0.0,0.0,0.0,0.0,2000.0,Antonio Aguilar,AR,2.0,2000.0,7.27883,-0.6609237,-1.0004089
"y el oficial que aspira perico y expresión agente,",0.0,0.0,0.0,0.0,1.0,2.0,2013.0,C-Kan,GO,2.0,2010.0,5.6636224,-0.8306704,-0.4606929
y en mi angar dos avionetas,0.0,2.0,2.0,0.0,2.0,0.0,2009.0,Sergio Vega,MO,2.0,2000.0,6.8617287,0.30833203,1.5330017
y ensillame mi caballo,0.0,1.0,0.0,0.0,0.0,0.0,2006.0,Grupo Montéz De Durango,MO,1.0,2000.0,5.820736,-1.356439,1.958264
y hoy me llega el dinero en costales,0.0,0.0,2.0,0.0,0.0,0.0,,Los Tucanes De Tijuana,DI,2.0,2000.0,2.478092,0.1732545,-0.19654882
y los banqueros son socios.,0.0,0.0,1.0,2.0,0.0,3.0,2000.0,Sergio Vega Y Sus Shaka's Del Norte,GO,3.0,2000.0,5.7712493,0.460909,-0.56311333
y mas armas que el gobierno,3.0,0.0,0.0,0.0,0.0,3.0,2014.0,Los Tucanes De Tijuana,AR,3.0,2010.0,6.1771693,-0.06308684,-1.5272315
y mas gente que al Qaeda,0.0,0.0,0.0,2.0,0.0,0.0,2014.0,Los Tucanes De Tijuana,PO,2.0,2010.0,5.8865933,0.024081947,-1.302858
y mi honor se me respeta,0.0,0.0,0.0,2.0,0.0,0.0,1976.0,Chelo,PO,2.0,1970.0,5.105392,0.49322355,-0.81004924
y mi pistola mi montura y mi caballo,2.0,1.0,0.0,0.0,0.0,0.0,2014.0,Antonio Aguilar,AR,2.0,2010.0,6.0084486,-1.4913827,1.7456591
y una RAM venia estrenando,0.0,1.0,2.0,0.0,0.0,0.0,1998.0,Laberinto,DI,2.0,1990.0,6.322683,0.2872881,1.4681456
ya esta listo el cargamentoen,0.0,2.0,0.0,0.0,2.0,0.0,1997.0,Grupo Exterminador,MO,2.0,1990.0,6.141461,0.9253953,1.0226175
yo paque' quiero el dinero esto lo ago por mi gusto,0.0,0.0,3.0,0.0,0.0,0.0,2006.0,Grupo Marrano,DI,3.0,2000.0,3.1020374,-0.027692832,0.09033444
¡Ahí viene la muerte!,2.0,0.0,0.0,0.0,0.0,0.0,2015.0,Lila Downs,AR,2.0,2010.0,6.201026,-2.4965127,-1.0731089
¡Ahí viene la pelona!,0.0,0.0,0.0,0.0,0.0,2.0,2015.0,Lila Downs,GO,2.0,2010.0,5.6642547,-0.8604391,-0.017839534
¡Por darles tanto dinero!,0.0,0.0,1.0,0.0,0.0,0.0,,Los Tigres Del Norte,DI,1.0,2000.0,2.6715927,0.2540634,-0.63176167
¿Te gusta el dinero? Te daré un contrato,0.0,0.0,1.0,0.0,0.0,0.0,,Hood P.,DI,1.0,2000.0,3.0878713,-0.06912487,0.040667195
